Logger,Table,loggernet_variable,Site,Plot,Instrument,Instrument_ID,Sensor_ID,Location,valid_through,research_name,note
DLG-F1_304,CheckTable,Format,DLG,,Datalogger,,,,,,
DLG-F1_304,CheckTable,RECORD,DLG,,Datalogger,,,,,,
DLG-F1_304,CheckTable,BattV,DLG,,Datalogger,,,,,battery-voltage,
DLG-F1_304,CheckTable,SolarV,DLG,,Datalogger,,,,,solar-voltage,
DLG-F1_304,CheckTable,Batt_CHECK,DLG,,Datalogger,,,,,,
DLG-F1_304,CheckTable,Solar_CHECK,DLG,,Datalogger,,,,,,
DLG-F1_304,CheckTable,Flag(1),DLG,,Datalogger,,,,,,
DLG-F1_304,CheckTable,Flag(2),DLG,,Datalogger,,,,,,
DLG-F1_304,CheckTable,Flag(3),DLG,,Datalogger,,,,,,
DLG-F1_304,CheckTable,Flag(4),DLG,,Datalogger,,,,,,
DLG-F1_304,CheckTable,Flag(5),DLG,,Datalogger,,,,,,
DLG-F1_304,CheckTable,Flag(6),DLG,,Datalogger,,,,,,
DLG-F1_304,CheckTable,Flag(7),DLG,,Datalogger,,,,,,
DLG-F1_304,CheckTable,Flag(8),DLG,,Datalogger,,,,,,
DLG-F1_304,CheckTable,Flag(9),DLG,,Datalogger,,,,,,
DLG-F1_304,CheckTable,Flag(10),DLG,,Datalogger,,,,,,
DLG-F1_304,CheckTable,Statname,DLG,,Datalogger,,,,,,
DLG-F1_304,CheckTable,PB,DLG,,Datalogger,,,,,,
,,,,,,,,,,,
DLG-F1_304,Redox15,Format,DLG,,Redox,,,,,,
DLG-F1_304,Redox15,RECORD,DLG,,Redox,,,,,,
DLG-F1_304,Redox15,Statname,DLG,,Redox,,,,,,
DLG-F1_304,Redox15,BattV,DLG,,Redox,,,,,,
DLG-F1_304,Redox15,RedoxRa(1),DLG,,Redox,,,,,redox-Xcm,
DLG-F1_304,Redox15,RedoxRa(2),DLG,,Redox,,,,,redox-Xcm,
DLG-F1_304,Redox15,RedoxRa(3),DLG,,Redox,,,,,redox-Xcm,
DLG-F1_304,Redox15,RedoxRa(4),DLG,,Redox,,,,,redox-Xcm,
DLG-F1_304,Redox15,RedoxRa(5),DLG,,Redox,,,,,redox-Xcm,
DLG-F1_304,Redox15,RedoxRa(6),DLG,,Redox,,,,,redox-Xcm,
DLG-F1_304,Redox15,RedoxRa(7),DLG,,Redox,,,,,redox-Xcm,
DLG-F1_304,Redox15,RedoxRa(8),DLG,,Redox,,,,,redox-Xcm,
DLG-F1_304,Redox15,RedoxRa(9),DLG,,Redox,,,,,redox-Xcm,
DLG-F1_304,Redox15,RedoxRa(10),DLG,,Redox,,,,,redox-Xcm,
DLG-F1_304,Redox15,RedoxRa(11),DLG,,Redox,,,,,redox-Xcm,
DLG-F1_304,Redox15,RedoxRa(12),DLG,,Redox,,,,,redox-Xcm,
DLG-F1_304,Redox15,RedoxRa(13),DLG,,Redox,,,,,redox-Xcm,
DLG-F1_304,Redox15,RedoxRa(14),DLG,,Redox,,,,,redox-Xcm,
DLG-F1_304,Redox15,RedoxRa(15),DLG,,Redox,,,,,redox-Xcm,
DLG-F1_304,Redox15,RedoxRa(16),DLG,,Redox,,,,,redox-Xcm,
DLG-F1_304,Redox15,RedoxRa(17),DLG,,Redox,,,,,redox-Xcm,
DLG-F1_304,Redox15,RedoxRa(18),DLG,,Redox,,,,,redox-Xcm,
DLG-F1_304,Redox15,RedoxRa(19),DLG,,Redox,,,,,redox-Xcm,
DLG-F1_304,Redox15,RedoxRa(20),DLG,,Redox,,,,,redox-Xcm,
DLG-F1_304,Redox15,RedoxRa(21),DLG,,Redox,,,,,redox-Xcm,
DLG-F1_304,Redox15,RedoxRa(22),DLG,,Redox,,,,,redox-Xcm,
DLG-F1_304,Redox15,RedoxRa(23),DLG,,Redox,,,,,redox-Xcm,
DLG-F1_304,Redox15,RedoxRa(24),DLG,,Redox,,,,,redox-Xcm,
DLG-F1_304,Redox15,RedoxRb(1),DLG,,Redox,,,,,redox-Xcm,
DLG-F1_304,Redox15,RedoxRb(2),DLG,,Redox,,,,,redox-Xcm,
DLG-F1_304,Redox15,RedoxRb(3),DLG,,Redox,,,,,redox-Xcm,
DLG-F1_304,Redox15,RedoxRb(4),DLG,,Redox,,,,,redox-Xcm,
DLG-F1_304,Redox15,RedoxRb(5),DLG,,Redox,,,,,redox-Xcm,
DLG-F1_304,Redox15,RedoxRb(6),DLG,,Redox,,,,,redox-Xcm,
DLG-F1_304,Redox15,RedoxRb(7),DLG,,Redox,,,,,redox-Xcm,
DLG-F1_304,Redox15,RedoxRb(8),DLG,,Redox,,,,,redox-Xcm,
DLG-F1_304,Redox15,RedoxRb(9),DLG,,Redox,,,,,redox-Xcm,
DLG-F1_304,Redox15,RedoxRb(10),DLG,,Redox,,,,,redox-Xcm,
DLG-F1_304,Redox15,RedoxRb(11),DLG,,Redox,,,,,redox-Xcm,
DLG-F1_304,Redox15,RedoxRb(12),DLG,,Redox,,,,,redox-Xcm,
DLG-F1_304,Redox15,RedoxRb(13),DLG,,Redox,,,,,redox-Xcm,
DLG-F1_304,Redox15,RedoxRb(14),DLG,,Redox,,,,,redox-Xcm,
DLG-F1_304,Redox15,RedoxRb(15),DLG,,Redox,,,,,redox-Xcm,
DLG-F1_304,Redox15,RedoxRb(16),DLG,,Redox,,,,,redox-Xcm,
DLG-F1_304,Redox15,RedoxRb(17),DLG,,Redox,,,,,redox-Xcm,
DLG-F1_304,Redox15,RedoxRb(18),DLG,,Redox,,,,,redox-Xcm,
DLG-F1_304,Redox15,RedoxRb(19),DLG,,Redox,,,,,redox-Xcm,
DLG-F1_304,Redox15,RedoxRb(20),DLG,,Redox,,,,,redox-Xcm,
DLG-F1_304,Redox15,RedoxRb(21),DLG,,Redox,,,,,redox-Xcm,
DLG-F1_304,Redox15,RedoxRb(22),DLG,,Redox,,,,,redox-Xcm,
DLG-F1_304,Redox15,RedoxRb(23),DLG,,Redox,,,,,redox-Xcm,
DLG-F1_304,Redox15,RedoxRb(24),DLG,,Redox,,,,,redox-Xcm,
,,,,,,,,,,,
DLG-F1_304,Redox5,Format,DLG,,Redox,,,,,,
DLG-F1_304,Redox5,RECORD,DLG,,Redox,,,,,,
DLG-F1_304,Redox5,Statname,DLG,,Redox,,,,,,
DLG-F1_304,Redox5,BattV,DLG,,Redox,,,,,,
DLG-F1_304,Redox5,RedoxRa(1),DLG,,Redox,,,,,redox-Xcm,
DLG-F1_304,Redox5,RedoxRa(2),DLG,,Redox,,,,,redox-Xcm,
DLG-F1_304,Redox5,RedoxRa(3),DLG,,Redox,,,,,redox-Xcm,
DLG-F1_304,Redox5,RedoxRa(4),DLG,,Redox,,,,,redox-Xcm,
DLG-F1_304,Redox5,RedoxRa(5),DLG,,Redox,,,,,redox-Xcm,
DLG-F1_304,Redox5,RedoxRa(6),DLG,,Redox,,,,,redox-Xcm,
DLG-F1_304,Redox5,RedoxRa(7),DLG,,Redox,,,,,redox-Xcm,
DLG-F1_304,Redox5,RedoxRa(8),DLG,,Redox,,,,,redox-Xcm,
DLG-F1_304,Redox5,RedoxRa(9),DLG,,Redox,,,,,redox-Xcm,
DLG-F1_304,Redox5,RedoxRa(10),DLG,,Redox,,,,,redox-Xcm,
DLG-F1_304,Redox5,RedoxRa(11),DLG,,Redox,,,,,redox-Xcm,
DLG-F1_304,Redox5,RedoxRa(12),DLG,,Redox,,,,,redox-Xcm,
DLG-F1_304,Redox5,RedoxRa(13),DLG,,Redox,,,,,redox-Xcm,
DLG-F1_304,Redox5,RedoxRa(14),DLG,,Redox,,,,,redox-Xcm,
DLG-F1_304,Redox5,RedoxRa(15),DLG,,Redox,,,,,redox-Xcm,
DLG-F1_304,Redox5,RedoxRa(16),DLG,,Redox,,,,,redox-Xcm,
DLG-F1_304,Redox5,RedoxRa(17),DLG,,Redox,,,,,redox-Xcm,
DLG-F1_304,Redox5,RedoxRa(18),DLG,,Redox,,,,,redox-Xcm,
DLG-F1_304,Redox5,RedoxRa(19),DLG,,Redox,,,,,redox-Xcm,
DLG-F1_304,Redox5,RedoxRa(20),DLG,,Redox,,,,,redox-Xcm,
DLG-F1_304,Redox5,RedoxRa(21),DLG,,Redox,,,,,redox-Xcm,
DLG-F1_304,Redox5,RedoxRa(22),DLG,,Redox,,,,,redox-Xcm,
DLG-F1_304,Redox5,RedoxRa(23),DLG,,Redox,,,,,redox-Xcm,
DLG-F1_304,Redox5,RedoxRa(24),DLG,,Redox,,,,,redox-Xcm,
DLG-F1_304,Redox5,RedoxRb(1),DLG,,Redox,,,,,redox-Xcm,
DLG-F1_304,Redox5,RedoxRb(2),DLG,,Redox,,,,,redox-Xcm,
DLG-F1_304,Redox5,RedoxRb(3),DLG,,Redox,,,,,redox-Xcm,
DLG-F1_304,Redox5,RedoxRb(4),DLG,,Redox,,,,,redox-Xcm,
DLG-F1_304,Redox5,RedoxRb(5),DLG,,Redox,,,,,redox-Xcm,
DLG-F1_304,Redox5,RedoxRb(6),DLG,,Redox,,,,,redox-Xcm,
DLG-F1_304,Redox5,RedoxRb(7),DLG,,Redox,,,,,redox-Xcm,
DLG-F1_304,Redox5,RedoxRb(8),DLG,,Redox,,,,,redox-Xcm,
DLG-F1_304,Redox5,RedoxRb(9),DLG,,Redox,,,,,redox-Xcm,
DLG-F1_304,Redox5,RedoxRb(10),DLG,,Redox,,,,,redox-Xcm,
DLG-F1_304,Redox5,RedoxRb(11),DLG,,Redox,,,,,redox-Xcm,
DLG-F1_304,Redox5,RedoxRb(12),DLG,,Redox,,,,,redox-Xcm,
DLG-F1_304,Redox5,RedoxRb(13),DLG,,Redox,,,,,redox-Xcm,
DLG-F1_304,Redox5,RedoxRb(14),DLG,,Redox,,,,,redox-Xcm,
DLG-F1_304,Redox5,RedoxRb(15),DLG,,Redox,,,,,redox-Xcm,
DLG-F1_304,Redox5,RedoxRb(16),DLG,,Redox,,,,,redox-Xcm,
DLG-F1_304,Redox5,RedoxRb(17),DLG,,Redox,,,,,redox-Xcm,
DLG-F1_304,Redox5,RedoxRb(18),DLG,,Redox,,,,,redox-Xcm,
DLG-F1_304,Redox5,RedoxRb(19),DLG,,Redox,,,,,redox-Xcm,
DLG-F1_304,Redox5,RedoxRb(20),DLG,,Redox,,,,,redox-Xcm,
DLG-F1_304,Redox5,RedoxRb(21),DLG,,Redox,,,,,redox-Xcm,
DLG-F1_304,Redox5,RedoxRb(22),DLG,,Redox,,,,,redox-Xcm,
DLG-F1_304,Redox5,RedoxRb(23),DLG,,Redox,,,,,redox-Xcm,
DLG-F1_304,Redox5,RedoxRb(24),DLG,,Redox,,,,,redox-Xcm,
,,,,,,,,,,,
DLG-F1_304,SapflowA,Format,DLG,,Sapflow,,,,,,
DLG-F1_304,SapflowA,RECORD,DLG,,Sapflow,,,,,,
DLG-F1_304,SapflowA,PB,DLG,,Sapflow,,,,,,
DLG-F1_304,SapflowA,Statname,DLG,,Sapflow,,,,,,
DLG-F1_304,SapflowA,BattV_Avg,DLG,,Sapflow,,,,,,
DLG-F1_304,SapflowA,DiffVoltA_Avg(1),DLG,,Sapflow,,,,,sapflow-3.5cm,
DLG-F1_304,SapflowA,DiffVoltA_Avg(2),DLG,,Sapflow,,,,,sapflow-3.5cm,
DLG-F1_304,SapflowA,DiffVoltA_Avg(3),DLG,,Sapflow,,,,,sapflow-3.5cm,
DLG-F1_304,SapflowA,DiffVoltA_Avg(4),DLG,,Sapflow,,,,,sapflow-3.5cm,
DLG-F1_304,SapflowA,DiffVoltA_Avg(5),DLG,,Sapflow,,,,,sapflow-3.5cm,
DLG-F1_304,SapflowA,DiffVoltA_Avg(6),DLG,,Sapflow,,,,,sapflow-3.5cm,
DLG-F1_304,SapflowA,DiffVoltA_Avg(7),DLG,,Sapflow,,,,,sapflow-3.5cm,
DLG-F1_304,SapflowA,DiffVoltA_Avg(8),DLG,,Sapflow,,,,,sapflow-3.5cm,
DLG-F1_304,SapflowA,DiffVoltA_Avg(9),DLG,,Sapflow,,,,,sapflow-3.5cm,
DLG-F1_304,SapflowA,DiffVoltA_Avg(10),DLG,,Sapflow,,,,,sapflow-3.5cm,
DLG-F1_304,SapflowA,DiffVoltA_Avg(11),DLG,,Sapflow,,,,,sapflow-3.5cm,
DLG-F1_304,SapflowA,DiffVoltA_Avg(12),DLG,,Sapflow,,,,,sapflow-3.5cm,
,,,,,,,,,,,
DLG-F1_304,Teros12Table,Format,DLG,F1,TEROS12,,,,,,
DLG-F1_304,Teros12Table,RECORD,DLG,F1,TEROS12,,,,,,
DLG-F1_304,Teros12Table,PB,DLG,F1,TEROS12,,,,,,
DLG-F1_304,Teros12Table,Statname,DLG,F1,TEROS12,,,,,,
DLG-F1_304,Teros12Table,BattV_Avg,DLG,F1,TEROS12,,,,,,
DLG-F1_304,Teros12Table,"Teros12(1,1)",DLG,F1,TEROS12,1,168474,A1,,soil-vwc-10cm,
DLG-F1_304,Teros12Table,"Teros12(1,2)",DLG,F1,TEROS12,1,168474,A1,,soil-ec-10cm,
DLG-F1_304,Teros12Table,"Teros12(1,3)",DLG,F1,TEROS12,1,168474,A1,,soil-temp-10cm,
DLG-F1_304,Teros12Table,"Teros12(2,1)",DLG,F1,TEROS12,1,168370,A1,,soil-vwc-30cm,
DLG-F1_304,Teros12Table,"Teros12(2,2)",DLG,F1,TEROS12,1,168370,A1,,soil-ec-30cm,
DLG-F1_304,Teros12Table,"Teros12(2,3)",DLG,F1,TEROS12,1,168370,A1,,soil-temp-30cm,
DLG-F1_304,Teros12Table,"Teros12(3,1)",DLG,F1,TEROS12,1,168485,A1,,soil-vwc-40cm,
DLG-F1_304,Teros12Table,"Teros12(3,2)",DLG,F1,TEROS12,1,168485,A1,,soil-ec-40cm,
DLG-F1_304,Teros12Table,"Teros12(3,3)",DLG,F1,TEROS12,1,168485,A1,,soil-temp-40cm,
DLG-F1_304,Teros12Table,"Teros12(4,1)",DLG,F1,TEROS12,2,168380,A4,,soil-vwc-10cm,
DLG-F1_304,Teros12Table,"Teros12(4,2)",DLG,F1,TEROS12,2,168380,A4,,soil-ec-10cm,
DLG-F1_304,Teros12Table,"Teros12(4,3)",DLG,F1,TEROS12,2,168380,A4,,soil-temp-10cm,
DLG-F1_304,Teros12Table,"Teros12(5,1)",DLG,F1,TEROS12,2,168484,A4,,soil-vwc-30cm,
DLG-F1_304,Teros12Table,"Teros12(5,2)",DLG,F1,TEROS12,2,168484,A4,,soil-ec-30cm,
DLG-F1_304,Teros12Table,"Teros12(5,3)",DLG,F1,TEROS12,2,168484,A4,,soil-temp-30cm,
DLG-F1_304,Teros12Table,"Teros12(6,1)",DLG,F1,TEROS12,2,168550,A4,,soil-vwc-40cm,
DLG-F1_304,Teros12Table,"Teros12(6,2)",DLG,F1,TEROS12,2,168550,A4,,soil-ec-40cm,
DLG-F1_304,Teros12Table,"Teros12(6,3)",DLG,F1,TEROS12,2,168550,A4,,soil-temp-40cm,
DLG-F1_304,Teros12Table,"Teros12(7,1)",DLG,F1,TEROS12,3,168571,B3,,soil-vwc-10cm,
DLG-F1_304,Teros12Table,"Teros12(7,2)",DLG,F1,TEROS12,3,168571,B3,,soil-ec-10cm,
DLG-F1_304,Teros12Table,"Teros12(7,3)",DLG,F1,TEROS12,3,168571,B3,,soil-temp-10cm,
DLG-F1_304,Teros12Table,"Teros12(8,1)",DLG,F1,TEROS12,3,168558,B3,,soil-vwc-30cm,
DLG-F1_304,Teros12Table,"Teros12(8,2)",DLG,F1,TEROS12,3,168558,B3,,soil-ec-30cm,
DLG-F1_304,Teros12Table,"Teros12(8,3)",DLG,F1,TEROS12,3,168558,B3,,soil-temp-30cm,
DLG-F1_304,Teros12Table,"Teros12(9,1)",DLG,F1,TEROS12,3,168594,B3,,soil-vwc-40cm,
DLG-F1_304,Teros12Table,"Teros12(9,2)",DLG,F1,TEROS12,3,168594,B3,,soil-ec-40cm,
DLG-F1_304,Teros12Table,"Teros12(9,3)",DLG,F1,TEROS12,3,168594,B3,,soil-temp-40cm,
DLG-F1_304,Teros12Table,"Teros12(10,1)",DLG,F1,TEROS12,4,168530,C2,,soil-vwc-10cm,
DLG-F1_304,Teros12Table,"Teros12(10,2)",DLG,F1,TEROS12,4,168530,C2,,soil-ec-10cm,
DLG-F1_304,Teros12Table,"Teros12(10,3)",DLG,F1,TEROS12,4,168530,C2,,soil-temp-10cm,
DLG-F1_304,Teros12Table,"Teros12(11,1)",DLG,F1,TEROS12,4,168569,C2,,soil-vwc-30cm,
DLG-F1_304,Teros12Table,"Teros12(11,2)",DLG,F1,TEROS12,4,168569,C2,,soil-ec-30cm,
DLG-F1_304,Teros12Table,"Teros12(11,3)",DLG,F1,TEROS12,4,168569,C2,,soil-temp-30cm,
DLG-F1_304,Teros12Table,"Teros12(12,1)",DLG,F1,TEROS12,4,168541,C2,,soil-vwc-40cm,
DLG-F1_304,Teros12Table,"Teros12(12,2)",DLG,F1,TEROS12,4,168541,C2,,soil-ec-40cm,
DLG-F1_304,Teros12Table,"Teros12(12,3)",DLG,F1,TEROS12,4,168541,C2,,soil-temp-40cm,
DLG-F1_304,Teros12Table,"Teros12(13,1)",DLG,F1,TEROS12,5,168577,D1,,soil-vwc-10cm,
DLG-F1_304,Teros12Table,"Teros12(13,2)",DLG,F1,TEROS12,5,168577,D1,,soil-ec-10cm,
DLG-F1_304,Teros12Table,"Teros12(13,3)",DLG,F1,TEROS12,5,168577,D1,,soil-temp-10cm,
DLG-F1_304,Teros12Table,"Teros12(14,1)",DLG,F1,TEROS12,5,168545,D1,,soil-vwc-30cm,
DLG-F1_304,Teros12Table,"Teros12(14,2)",DLG,F1,TEROS12,5,168545,D1,,soil-ec-30cm,
DLG-F1_304,Teros12Table,"Teros12(14,3)",DLG,F1,TEROS12,5,168545,D1,,soil-temp-30cm,
DLG-F1_304,Teros12Table,"Teros12(15,1)",DLG,F1,TEROS12,5,168637,D1,,soil-vwc-40cm,
DLG-F1_304,Teros12Table,"Teros12(15,2)",DLG,F1,TEROS12,5,168637,D1,,soil-ec-40cm,
DLG-F1_304,Teros12Table,"Teros12(15,3)",DLG,F1,TEROS12,5,168637,D1,,soil-temp-40cm,
DLG-F1_304,Teros12Table,"Teros12(16,1)",DLG,F1,TEROS12,6,168573,D4,,soil-vwc-10cm,
DLG-F1_304,Teros12Table,"Teros12(16,2)",DLG,F1,TEROS12,6,168573,D4,,soil-ec-10cm,
DLG-F1_304,Teros12Table,"Teros12(16,3)",DLG,F1,TEROS12,6,168573,D4,,soil-temp-10cm,
DLG-F1_304,Teros12Table,"Teros12(17,1)",DLG,F1,TEROS12,6,168568,D4,,soil-vwc-30cm,
DLG-F1_304,Teros12Table,"Teros12(17,2)",DLG,F1,TEROS12,6,168568,D4,,soil-ec-30cm,
DLG-F1_304,Teros12Table,"Teros12(17,3)",DLG,F1,TEROS12,6,168568,D4,,soil-temp-30cm,
DLG-F1_304,Teros12Table,"Teros12(18,1)",DLG,F1,TEROS12,6,168513,D4,,soil-vwc-40cm,
DLG-F1_304,Teros12Table,"Teros12(18,2)",DLG,F1,TEROS12,6,168513,D4,,soil-ec-40cm,
DLG-F1_304,Teros12Table,"Teros12(18,3)",DLG,F1,TEROS12,6,168513,D4,,soil-temp-40cm,
,,,,,,,,,,,
DLG-F1_304,Teros21Table,Format,DLG,F1,TEROS21,,,,,,
DLG-F1_304,Teros21Table,RECORD,DLG,F1,TEROS21,,,,,,
DLG-F1_304,Teros21Table,PB,DLG,F1,TEROS21,,,,,,
DLG-F1_304,Teros21Table,Statname,DLG,F1,TEROS21,,,,,,
DLG-F1_304,Teros21Table,BattV_Avg,DLG,F1,TEROS21,,,,,,
DLG-F1_304,Teros21Table,"Teros21(1,1)",DLG,F1,TEROS21,1,34290,A1,,soil-vwc-Xcm,
DLG-F1_304,Teros21Table,"Teros21(1,2)",DLG,F1,TEROS21,1,34290,A1,,soil-vwc-Xcmcm,
DLG-F1_304,Teros21Table,"Teros21(2,1)",DLG,F1,TEROS21,1,34403,A1,,soil-temp-Xcm,
DLG-F1_304,Teros21Table,"Teros21(2,2)",DLG,F1,TEROS21,1,34403,A1,,,
DLG-F1_304,Teros21Table,"Teros21(3,1)",DLG,F1,TEROS21,1,34262,A1,,,
DLG-F1_304,Teros21Table,"Teros21(3,2)",DLG,F1,TEROS21,1,34262,A1,,,
DLG-F1_304,Teros21Table,"Teros21(4,1)",DLG,F1,TEROS21,2,34237,A4,,,
DLG-F1_304,Teros21Table,"Teros21(4,2)",DLG,F1,TEROS21,2,34237,A4,,,
DLG-F1_304,Teros21Table,"Teros21(5,1)",DLG,F1,TEROS21,2,34397,A4,,,
DLG-F1_304,Teros21Table,"Teros21(5,2)",DLG,F1,TEROS21,2,34397,A4,,,
DLG-F1_304,Teros21Table,"Teros21(6,1)",DLG,F1,TEROS21,2,34248,A4,,,
DLG-F1_304,Teros21Table,"Teros21(6,2)",DLG,F1,TEROS21,2,34248,A4,,,
DLG-F1_304,Teros21Table,"Teros21(7,1)",DLG,F1,TEROS21,3,34161,B3,,,
DLG-F1_304,Teros21Table,"Teros21(7,2)",DLG,F1,TEROS21,3,34161,B3,,,
DLG-F1_304,Teros21Table,"Teros21(8,1)",DLG,F1,TEROS21,3,34225,B3,,,
DLG-F1_304,Teros21Table,"Teros21(8,2)",DLG,F1,TEROS21,3,34225,B3,,,
DLG-F1_304,Teros21Table,"Teros21(9,1)",DLG,F1,TEROS21,3,34214,B3,,,
DLG-F1_304,Teros21Table,"Teros21(9,2)",DLG,F1,TEROS21,3,34214,B3,,,
DLG-F1_304,Teros21Table,"Teros21(10,1)",DLG,F1,TEROS21,4,34344,C2,,,
DLG-F1_304,Teros21Table,"Teros21(10,2)",DLG,F1,TEROS21,4,34344,C2,,,
DLG-F1_304,Teros21Table,"Teros21(11,1)",DLG,F1,TEROS21,4,34373,C2,,,
DLG-F1_304,Teros21Table,"Teros21(11,2)",DLG,F1,TEROS21,4,34373,C2,,,
DLG-F1_304,Teros21Table,"Teros21(12,1)",DLG,F1,TEROS21,4,34287,C2,,,
DLG-F1_304,Teros21Table,"Teros21(12,2)",DLG,F1,TEROS21,4,34287,C2,,,
DLG-F1_304,Teros21Table,"Teros21(13,1)",DLG,F1,TEROS21,5,34413,D1,,,
DLG-F1_304,Teros21Table,"Teros21(13,2)",DLG,F1,TEROS21,5,34413,D1,,,
DLG-F1_304,Teros21Table,"Teros21(14,1)",DLG,F1,TEROS21,5,34220,D1,,,
DLG-F1_304,Teros21Table,"Teros21(14,2)",DLG,F1,TEROS21,5,34220,D1,,,
DLG-F1_304,Teros21Table,"Teros21(15,1)",DLG,F1,TEROS21,5,34264,D1,,,
DLG-F1_304,Teros21Table,"Teros21(15,2)",DLG,F1,TEROS21,5,34264,D1,,,
DLG-F1_304,Teros21Table,"Teros21(16,1)",DLG,F1,TEROS21,6,36389,D4,,,
DLG-F1_304,Teros21Table,"Teros21(16,2)",DLG,F1,TEROS21,6,36389,D4,,,
DLG-F1_304,Teros21Table,"Teros21(17,1)",DLG,F1,TEROS21,6,36364,D4,,,
DLG-F1_304,Teros21Table,"Teros21(17,2)",DLG,F1,TEROS21,6,36364,D4,,,
DLG-F1_304,Teros21Table,"Teros21(18,1)",DLG,F1,TEROS21,6,36347,D4,,,
DLG-F1_304,Teros21Table,"Teros21(18,2)",DLG,F1,TEROS21,6,36347,D4,,,
,,,,,,,,,,,
DLG-F2_305,CheckTable,Format,DLG,,Datalogger,,,,,,
DLG-F2_305,CheckTable,RECORD,DLG,,Datalogger,,,,,,
DLG-F2_305,CheckTable,BattV,DLG,,Datalogger,,,,,,
DLG-F2_305,CheckTable,SolarV,DLG,,Datalogger,,,,,,
DLG-F2_305,CheckTable,Batt_CHECK,DLG,,Datalogger,,,,,,
DLG-F2_305,CheckTable,Solar_CHECK,DLG,,Datalogger,,,,,,
DLG-F2_305,CheckTable,Flag(1),DLG,,Datalogger,,,,,,
DLG-F2_305,CheckTable,Flag(2),DLG,,Datalogger,,,,,,
DLG-F2_305,CheckTable,Flag(3),DLG,,Datalogger,,,,,,
DLG-F2_305,CheckTable,Flag(4),DLG,,Datalogger,,,,,,
DLG-F2_305,CheckTable,Flag(5),DLG,,Datalogger,,,,,,
DLG-F2_305,CheckTable,Flag(6),DLG,,Datalogger,,,,,,
DLG-F2_305,CheckTable,Flag(7),DLG,,Datalogger,,,,,,
DLG-F2_305,CheckTable,Flag(8),DLG,,Datalogger,,,,,,
DLG-F2_305,CheckTable,Flag(9),DLG,,Datalogger,,,,,,
DLG-F2_305,CheckTable,Flag(10),DLG,,Datalogger,,,,,,
DLG-F2_305,CheckTable,Statname,DLG,,Datalogger,,,,,,
DLG-F2_305,CheckTable,PB,DLG,,Datalogger,,,,,,
,,,,,,,,,,,
DLG-F2_305,Redox15,Format,DLG,,Redox,,,,,,
DLG-F2_305,Redox15,RECORD,DLG,,Redox,,,,,,
DLG-F2_305,Redox15,Statname,DLG,,Redox,,,,,,
DLG-F2_305,Redox15,BattV,DLG,,Redox,,,,,,
DLG-F2_305,Redox15,RedoxRa(1),DLG,,Redox,,,,,,
DLG-F2_305,Redox15,RedoxRa(2),DLG,,Redox,,,,,,
DLG-F2_305,Redox15,RedoxRa(3),DLG,,Redox,,,,,,
DLG-F2_305,Redox15,RedoxRa(4),DLG,,Redox,,,,,,
DLG-F2_305,Redox15,RedoxRa(5),DLG,,Redox,,,,,,
DLG-F2_305,Redox15,RedoxRa(6),DLG,,Redox,,,,,,
DLG-F2_305,Redox15,RedoxRa(7),DLG,,Redox,,,,,,
DLG-F2_305,Redox15,RedoxRa(8),DLG,,Redox,,,,,,
DLG-F2_305,Redox15,RedoxRa(9),DLG,,Redox,,,,,,
DLG-F2_305,Redox15,RedoxRa(10),DLG,,Redox,,,,,,
DLG-F2_305,Redox15,RedoxRa(11),DLG,,Redox,,,,,,
DLG-F2_305,Redox15,RedoxRa(12),DLG,,Redox,,,,,,
DLG-F2_305,Redox15,RedoxRa(13),DLG,,Redox,,,,,,
DLG-F2_305,Redox15,RedoxRa(14),DLG,,Redox,,,,,,
DLG-F2_305,Redox15,RedoxRa(15),DLG,,Redox,,,,,,
DLG-F2_305,Redox15,RedoxRa(16),DLG,,Redox,,,,,,
DLG-F2_305,Redox15,RedoxRa(17),DLG,,Redox,,,,,,
DLG-F2_305,Redox15,RedoxRa(18),DLG,,Redox,,,,,,
DLG-F2_305,Redox15,RedoxRa(19),DLG,,Redox,,,,,,
DLG-F2_305,Redox15,RedoxRa(20),DLG,,Redox,,,,,,
DLG-F2_305,Redox15,RedoxRa(21),DLG,,Redox,,,,,,
DLG-F2_305,Redox15,RedoxRa(22),DLG,,Redox,,,,,,
DLG-F2_305,Redox15,RedoxRa(23),DLG,,Redox,,,,,,
DLG-F2_305,Redox15,RedoxRa(24),DLG,,Redox,,,,,,
DLG-F2_305,Redox15,RedoxRb(1),DLG,,Redox,,,,,,
DLG-F2_305,Redox15,RedoxRb(2),DLG,,Redox,,,,,,
DLG-F2_305,Redox15,RedoxRb(3),DLG,,Redox,,,,,,
DLG-F2_305,Redox15,RedoxRb(4),DLG,,Redox,,,,,,
DLG-F2_305,Redox15,RedoxRb(5),DLG,,Redox,,,,,,
DLG-F2_305,Redox15,RedoxRb(6),DLG,,Redox,,,,,,
DLG-F2_305,Redox15,RedoxRb(7),DLG,,Redox,,,,,,
DLG-F2_305,Redox15,RedoxRb(8),DLG,,Redox,,,,,,
DLG-F2_305,Redox15,RedoxRb(9),DLG,,Redox,,,,,,
DLG-F2_305,Redox15,RedoxRb(10),DLG,,Redox,,,,,,
DLG-F2_305,Redox15,RedoxRb(11),DLG,,Redox,,,,,,
DLG-F2_305,Redox15,RedoxRb(12),DLG,,Redox,,,,,,
DLG-F2_305,Redox15,RedoxRb(13),DLG,,Redox,,,,,,
DLG-F2_305,Redox15,RedoxRb(14),DLG,,Redox,,,,,,
DLG-F2_305,Redox15,RedoxRb(15),DLG,,Redox,,,,,,
DLG-F2_305,Redox15,RedoxRb(16),DLG,,Redox,,,,,,
DLG-F2_305,Redox15,RedoxRb(17),DLG,,Redox,,,,,,
DLG-F2_305,Redox15,RedoxRb(18),DLG,,Redox,,,,,,
DLG-F2_305,Redox15,RedoxRb(19),DLG,,Redox,,,,,,
DLG-F2_305,Redox15,RedoxRb(20),DLG,,Redox,,,,,,
DLG-F2_305,Redox15,RedoxRb(21),DLG,,Redox,,,,,,
DLG-F2_305,Redox15,RedoxRb(22),DLG,,Redox,,,,,,
DLG-F2_305,Redox15,RedoxRb(23),DLG,,Redox,,,,,,
DLG-F2_305,Redox15,RedoxRb(24),DLG,,Redox,,,,,,
,,,,,,,,,,,
DLG-F2_305,Redox5,Format,DLG,,Redox,,,,,,
DLG-F2_305,Redox5,RECORD,DLG,,Redox,,,,,,
DLG-F2_305,Redox5,Statname,DLG,,Redox,,,,,,
DLG-F2_305,Redox5,BattV,DLG,,Redox,,,,,,
DLG-F2_305,Redox5,RedoxRa(1),DLG,,Redox,,,,,,
DLG-F2_305,Redox5,RedoxRa(2),DLG,,Redox,,,,,,
DLG-F2_305,Redox5,RedoxRa(3),DLG,,Redox,,,,,,
DLG-F2_305,Redox5,RedoxRa(4),DLG,,Redox,,,,,,
DLG-F2_305,Redox5,RedoxRa(5),DLG,,Redox,,,,,,
DLG-F2_305,Redox5,RedoxRa(6),DLG,,Redox,,,,,,
DLG-F2_305,Redox5,RedoxRa(7),DLG,,Redox,,,,,,
DLG-F2_305,Redox5,RedoxRa(8),DLG,,Redox,,,,,,
DLG-F2_305,Redox5,RedoxRa(9),DLG,,Redox,,,,,,
DLG-F2_305,Redox5,RedoxRa(10),DLG,,Redox,,,,,,
DLG-F2_305,Redox5,RedoxRa(11),DLG,,Redox,,,,,,
DLG-F2_305,Redox5,RedoxRa(12),DLG,,Redox,,,,,,
DLG-F2_305,Redox5,RedoxRa(13),DLG,,Redox,,,,,,
DLG-F2_305,Redox5,RedoxRa(14),DLG,,Redox,,,,,,
DLG-F2_305,Redox5,RedoxRa(15),DLG,,Redox,,,,,,
DLG-F2_305,Redox5,RedoxRa(16),DLG,,Redox,,,,,,
DLG-F2_305,Redox5,RedoxRa(17),DLG,,Redox,,,,,,
DLG-F2_305,Redox5,RedoxRa(18),DLG,,Redox,,,,,,
DLG-F2_305,Redox5,RedoxRa(19),DLG,,Redox,,,,,,
DLG-F2_305,Redox5,RedoxRa(20),DLG,,Redox,,,,,,
DLG-F2_305,Redox5,RedoxRa(21),DLG,,Redox,,,,,,
DLG-F2_305,Redox5,RedoxRa(22),DLG,,Redox,,,,,,
DLG-F2_305,Redox5,RedoxRa(23),DLG,,Redox,,,,,,
DLG-F2_305,Redox5,RedoxRa(24),DLG,,Redox,,,,,,
DLG-F2_305,Redox5,RedoxRb(1),DLG,,Redox,,,,,,
DLG-F2_305,Redox5,RedoxRb(2),DLG,,Redox,,,,,,
DLG-F2_305,Redox5,RedoxRb(3),DLG,,Redox,,,,,,
DLG-F2_305,Redox5,RedoxRb(4),DLG,,Redox,,,,,,
DLG-F2_305,Redox5,RedoxRb(5),DLG,,Redox,,,,,,
DLG-F2_305,Redox5,RedoxRb(6),DLG,,Redox,,,,,,
DLG-F2_305,Redox5,RedoxRb(7),DLG,,Redox,,,,,,
DLG-F2_305,Redox5,RedoxRb(8),DLG,,Redox,,,,,,
DLG-F2_305,Redox5,RedoxRb(9),DLG,,Redox,,,,,,
DLG-F2_305,Redox5,RedoxRb(10),DLG,,Redox,,,,,,
DLG-F2_305,Redox5,RedoxRb(11),DLG,,Redox,,,,,,
DLG-F2_305,Redox5,RedoxRb(12),DLG,,Redox,,,,,,
DLG-F2_305,Redox5,RedoxRb(13),DLG,,Redox,,,,,,
DLG-F2_305,Redox5,RedoxRb(14),DLG,,Redox,,,,,,
DLG-F2_305,Redox5,RedoxRb(15),DLG,,Redox,,,,,,
DLG-F2_305,Redox5,RedoxRb(16),DLG,,Redox,,,,,,
DLG-F2_305,Redox5,RedoxRb(17),DLG,,Redox,,,,,,
DLG-F2_305,Redox5,RedoxRb(18),DLG,,Redox,,,,,,
DLG-F2_305,Redox5,RedoxRb(19),DLG,,Redox,,,,,,
DLG-F2_305,Redox5,RedoxRb(20),DLG,,Redox,,,,,,
DLG-F2_305,Redox5,RedoxRb(21),DLG,,Redox,,,,,,
DLG-F2_305,Redox5,RedoxRb(22),DLG,,Redox,,,,,,
DLG-F2_305,Redox5,RedoxRb(23),DLG,,Redox,,,,,,
DLG-F2_305,Redox5,RedoxRb(24),DLG,,Redox,,,,,,
,,,,,,,,,,,
DLG-F2_305,SapflowA,Format,DLG,,Sapflow,,,,,,
DLG-F2_305,SapflowA,RECORD,DLG,,Sapflow,,,,,,
DLG-F2_305,SapflowA,PB,DLG,,Sapflow,,,,,,
DLG-F2_305,SapflowA,Statname,DLG,,Sapflow,,,,,,
DLG-F2_305,SapflowA,BattV_Avg,DLG,,Sapflow,,,,,,
DLG-F2_305,SapflowA,DiffVoltA_Avg(1),DLG,,Sapflow,,,,,sapflow-3.5cm,
DLG-F2_305,SapflowA,DiffVoltA_Avg(2),DLG,,Sapflow,,,,,sapflow-3.5cm,
DLG-F2_305,SapflowA,DiffVoltA_Avg(3),DLG,,Sapflow,,,,,sapflow-3.5cm,
DLG-F2_305,SapflowA,DiffVoltA_Avg(4),DLG,,Sapflow,,,,,sapflow-3.5cm,
DLG-F2_305,SapflowA,DiffVoltA_Avg(5),DLG,,Sapflow,,,,,sapflow-3.5cm,
DLG-F2_305,SapflowA,DiffVoltA_Avg(6),DLG,,Sapflow,,,,,sapflow-3.5cm,
DLG-F2_305,SapflowA,DiffVoltA_Avg(7),DLG,,Sapflow,,,,,sapflow-3.5cm,
DLG-F2_305,SapflowA,DiffVoltA_Avg(8),DLG,,Sapflow,,,,,sapflow-3.5cm,
DLG-F2_305,SapflowA,DiffVoltA_Avg(9),DLG,,Sapflow,,,,,sapflow-3.5cm,
DLG-F2_305,SapflowA,DiffVoltA_Avg(10),DLG,,Sapflow,,,,,sapflow-3.5cm,
DLG-F2_305,SapflowA,DiffVoltA_Avg(11),DLG,,Sapflow,,,,,sapflow-3.5cm,
DLG-F2_305,SapflowA,DiffVoltA_Avg(12),DLG,,Sapflow,,,,,sapflow-3.5cm,
,,,,,,,,,,,
DLG-F2_305,Teros12Table,Format,DLG,,TEROS12,,,,,,
DLG-F2_305,Teros12Table,RECORD,DLG,,TEROS12,,,,,,
DLG-F2_305,Teros12Table,PB,DLG,,TEROS12,,,,,,
DLG-F2_305,Teros12Table,Statname,DLG,,TEROS12,,,,,,
DLG-F2_305,Teros12Table,BattV_Avg,DLG,,TEROS12,,,,,,
DLG-F2_305,Teros12Table,"Teros12(1,1)",DLG,,TEROS12,1,168563,A1,,soil-vwc-10cm,
DLG-F2_305,Teros12Table,"Teros12(1,2)",DLG,,TEROS12,1,168563,A1,,soil-ec-10cm,
DLG-F2_305,Teros12Table,"Teros12(1,3)",DLG,,TEROS12,1,168563,A1,,soil-temp-10cm,
DLG-F2_305,Teros12Table,"Teros12(2,1)",DLG,,TEROS12,1,168648,A1,,soil-vwc-30cm,
DLG-F2_305,Teros12Table,"Teros12(2,2)",DLG,,TEROS12,1,168648,A1,,soil-ec-30cm,
DLG-F2_305,Teros12Table,"Teros12(2,3)",DLG,,TEROS12,1,168648,A1,,soil-temp-30cm,
DLG-F2_305,Teros12Table,"Teros12(3,1)",DLG,,TEROS12,1,168537,A1,,soil-vwc-40cm,
DLG-F2_305,Teros12Table,"Teros12(3,2)",DLG,,TEROS12,1,168537,A1,,soil-ec-40cm,
DLG-F2_305,Teros12Table,"Teros12(3,3)",DLG,,TEROS12,1,168537,A1,,soil-temp-40cm,
DLG-F2_305,Teros12Table,"Teros12(4,1)",DLG,,TEROS12,2,168551,A4,,soil-vwc-10cm,
DLG-F2_305,Teros12Table,"Teros12(4,2)",DLG,,TEROS12,2,168551,A4,,soil-ec-10cm,
DLG-F2_305,Teros12Table,"Teros12(4,3)",DLG,,TEROS12,2,168551,A4,,soil-temp-10cm,
DLG-F2_305,Teros12Table,"Teros12(5,1)",DLG,,TEROS12,2,168643,A4,,soil-vwc-30cm,
DLG-F2_305,Teros12Table,"Teros12(5,2)",DLG,,TEROS12,2,168643,A4,,soil-ec-30cm,
DLG-F2_305,Teros12Table,"Teros12(5,3)",DLG,,TEROS12,2,168643,A4,,soil-temp-30cm,
DLG-F2_305,Teros12Table,"Teros12(6,1)",DLG,,TEROS12,2,168515,A4,,soil-vwc-40cm,
DLG-F2_305,Teros12Table,"Teros12(6,2)",DLG,,TEROS12,2,168515,A4,,soil-ec-40cm,
DLG-F2_305,Teros12Table,"Teros12(6,3)",DLG,,TEROS12,2,168515,A4,,soil-temp-40cm,
DLG-F2_305,Teros12Table,"Teros12(7,1)",DLG,,TEROS12,3,168432,B3,,soil-vwc-10cm,
DLG-F2_305,Teros12Table,"Teros12(7,2)",DLG,,TEROS12,3,168432,B3,,soil-ec-10cm,
DLG-F2_305,Teros12Table,"Teros12(7,3)",DLG,,TEROS12,3,168432,B3,,soil-temp-10cm,
DLG-F2_305,Teros12Table,"Teros12(8,1)",DLG,,TEROS12,3,168426,B3,,soil-vwc-30cm,
DLG-F2_305,Teros12Table,"Teros12(8,2)",DLG,,TEROS12,3,168426,B3,,soil-ec-30cm,
DLG-F2_305,Teros12Table,"Teros12(8,3)",DLG,,TEROS12,3,168426,B3,,soil-temp-30cm,
DLG-F2_305,Teros12Table,"Teros12(9,1)",DLG,,TEROS12,3,168444,B3,,soil-vwc-40cm,
DLG-F2_305,Teros12Table,"Teros12(9,2)",DLG,,TEROS12,3,168444,B3,,soil-ec-40cm,
DLG-F2_305,Teros12Table,"Teros12(9,3)",DLG,,TEROS12,3,168444,B3,,soil-temp-40cm,
DLG-F2_305,Teros12Table,"Teros12(10,1)",DLG,,TEROS12,4,168428,C2,,soil-vwc-10cm,
DLG-F2_305,Teros12Table,"Teros12(10,2)",DLG,,TEROS12,4,168428,C2,,soil-ec-10cm,
DLG-F2_305,Teros12Table,"Teros12(10,3)",DLG,,TEROS12,4,168428,C2,,soil-temp-10cm,
DLG-F2_305,Teros12Table,"Teros12(11,1)",DLG,,TEROS12,4,168422,C2,,soil-vwc-30cm,
DLG-F2_305,Teros12Table,"Teros12(11,2)",DLG,,TEROS12,4,168422,C2,,soil-ec-30cm,
DLG-F2_305,Teros12Table,"Teros12(11,3)",DLG,,TEROS12,4,168422,C2,,soil-temp-30cm,
DLG-F2_305,Teros12Table,"Teros12(12,1)",DLG,,TEROS12,4,168466,C2,,soil-vwc-40cm,
DLG-F2_305,Teros12Table,"Teros12(12,2)",DLG,,TEROS12,4,168466,C2,,soil-ec-40cm,
DLG-F2_305,Teros12Table,"Teros12(12,3)",DLG,,TEROS12,4,168466,C2,,soil-temp-40cm,
DLG-F2_305,Teros12Table,"Teros12(13,1)",DLG,,TEROS12,5,168462,D1,,soil-vwc-10cm,
DLG-F2_305,Teros12Table,"Teros12(13,2)",DLG,,TEROS12,5,168462,D1,,soil-ec-10cm,
DLG-F2_305,Teros12Table,"Teros12(13,3)",DLG,,TEROS12,5,168462,D1,,soil-temp-10cm,
DLG-F2_305,Teros12Table,"Teros12(14,1)",DLG,,TEROS12,5,168477,D1,,soil-vwc-30cm,
DLG-F2_305,Teros12Table,"Teros12(14,2)",DLG,,TEROS12,5,168477,D1,,soil-ec-30cm,
DLG-F2_305,Teros12Table,"Teros12(14,3)",DLG,,TEROS12,5,168477,D1,,soil-temp-30cm,
DLG-F2_305,Teros12Table,"Teros12(15,1)",DLG,,TEROS12,5,168460,D1,,soil-vwc-40cm,
DLG-F2_305,Teros12Table,"Teros12(15,2)",DLG,,TEROS12,5,168460,D1,,soil-ec-40cm,
DLG-F2_305,Teros12Table,"Teros12(15,3)",DLG,,TEROS12,5,168460,D1,,soil-temp-40cm,
DLG-F2_305,Teros12Table,"Teros12(16,1)",DLG,,TEROS12,6,168400,D4,,soil-vwc-10cm,
DLG-F2_305,Teros12Table,"Teros12(16,2)",DLG,,TEROS12,6,168400,D4,,soil-ec-10cm,
DLG-F2_305,Teros12Table,"Teros12(16,3)",DLG,,TEROS12,6,168400,D4,,soil-temp-10cm,
DLG-F2_305,Teros12Table,"Teros12(17,1)",DLG,,TEROS12,6,168642,D4,,soil-vwc-30cm,
DLG-F2_305,Teros12Table,"Teros12(17,2)",DLG,,TEROS12,6,168642,D4,,soil-ec-30cm,
DLG-F2_305,Teros12Table,"Teros12(17,3)",DLG,,TEROS12,6,168642,D4,,soil-temp-30cm,
DLG-F2_305,Teros12Table,"Teros12(18,1)",DLG,,TEROS12,6,168634,D4,,soil-vwc-40cm,
DLG-F2_305,Teros12Table,"Teros12(18,2)",DLG,,TEROS12,6,168634,D4,,soil-ec-40cm,
DLG-F2_305,Teros12Table,"Teros12(18,3)",DLG,,TEROS12,6,168634,D4,,soil-temp-40cm,
,,,,,,,,,,,
DLG-F2_305,Teros21Table,Format,DLG,,TEROS21,,,,,,
DLG-F2_305,Teros21Table,RECORD,DLG,,TEROS21,,,,,,
DLG-F2_305,Teros21Table,PB,DLG,,TEROS21,,,,,,
DLG-F2_305,Teros21Table,Statname,DLG,,TEROS21,,,,,,
DLG-F2_305,Teros21Table,BattV_Avg,DLG,,TEROS21,,,,,,
DLG-F2_305,Teros21Table,"Teros21(1,1)",DLG,,TEROS21,1,36333,A1,,soil-vwc-Xcm,
DLG-F2_305,Teros21Table,"Teros21(1,2)",DLG,,TEROS21,1,36333,A1,,soil-vwc-Xcmcm,
DLG-F2_305,Teros21Table,"Teros21(2,1)",DLG,,TEROS21,1,36419,A1,,soil-temp-Xcm,
DLG-F2_305,Teros21Table,"Teros21(2,2)",DLG,,TEROS21,1,36419,A1,,,
DLG-F2_305,Teros21Table,"Teros21(3,1)",DLG,,TEROS21,1,34420,A1,,,
DLG-F2_305,Teros21Table,"Teros21(3,2)",DLG,,TEROS21,1,34420,A1,,,
DLG-F2_305,Teros21Table,"Teros21(4,1)",DLG,,TEROS21,2,34304,A4,,,
DLG-F2_305,Teros21Table,"Teros21(4,2)",DLG,,TEROS21,2,34304,A4,,,
DLG-F2_305,Teros21Table,"Teros21(5,1)",DLG,,TEROS21,2,34284,A4,,,
DLG-F2_305,Teros21Table,"Teros21(5,2)",DLG,,TEROS21,2,34284,A4,,,
DLG-F2_305,Teros21Table,"Teros21(6,1)",DLG,,TEROS21,2,34267,A4,,,
DLG-F2_305,Teros21Table,"Teros21(6,2)",DLG,,TEROS21,2,34267,A4,,,
DLG-F2_305,Teros21Table,"Teros21(7,1)",DLG,,TEROS21,3,34224,B3,,,
DLG-F2_305,Teros21Table,"Teros21(7,2)",DLG,,TEROS21,3,34224,B3,,,
DLG-F2_305,Teros21Table,"Teros21(8,1)",DLG,,TEROS21,3,34293,B3,,,
DLG-F2_305,Teros21Table,"Teros21(8,2)",DLG,,TEROS21,3,34293,B3,,,
DLG-F2_305,Teros21Table,"Teros21(9,1)",DLG,,TEROS21,3,34433,B3,,,
DLG-F2_305,Teros21Table,"Teros21(9,2)",DLG,,TEROS21,3,34433,B3,,,
DLG-F2_305,Teros21Table,"Teros21(10,1)",DLG,,TEROS21,4,34256,C2,,,
DLG-F2_305,Teros21Table,"Teros21(10,2)",DLG,,TEROS21,4,34256,C2,,,
DLG-F2_305,Teros21Table,"Teros21(11,1)",DLG,,TEROS21,4,34239,C2,,,
DLG-F2_305,Teros21Table,"Teros21(11,2)",DLG,,TEROS21,4,34239,C2,,,
DLG-F2_305,Teros21Table,"Teros21(12,1)",DLG,,TEROS21,4,34301,C2,,,
DLG-F2_305,Teros21Table,"Teros21(12,2)",DLG,,TEROS21,4,34301,C2,,,
DLG-F2_305,Teros21Table,"Teros21(13,1)",DLG,,TEROS21,5,34372,D1,,,
DLG-F2_305,Teros21Table,"Teros21(13,2)",DLG,,TEROS21,5,34372,D1,,,
DLG-F2_305,Teros21Table,"Teros21(14,1)",DLG,,TEROS21,5,34251,D1,,,
DLG-F2_305,Teros21Table,"Teros21(14,2)",DLG,,TEROS21,5,34251,D1,,,
DLG-F2_305,Teros21Table,"Teros21(15,1)",DLG,,TEROS21,5,34283,D1,,,
DLG-F2_305,Teros21Table,"Teros21(15,2)",DLG,,TEROS21,5,34283,D1,,,
DLG-F2_305,Teros21Table,"Teros21(16,1)",DLG,,TEROS21,6,34354,D4,,,
DLG-F2_305,Teros21Table,"Teros21(16,2)",DLG,,TEROS21,6,34354,D4,,,
DLG-F2_305,Teros21Table,"Teros21(17,1)",DLG,,TEROS21,6,34390,D4,,,
DLG-F2_305,Teros21Table,"Teros21(17,2)",DLG,,TEROS21,6,34390,D4,,,
DLG-F2_305,Teros21Table,"Teros21(18,1)",DLG,,TEROS21,6,36365,D4,,,
DLG-F2_305,Teros21Table,"Teros21(18,2)",DLG,,TEROS21,6,36365,D4,,,
,,,,,,,,,,,
DLG-F3_306,CheckTable,Format,DLG,,Datalogger,,,,,,
DLG-F3_306,CheckTable,RECORD,DLG,,Datalogger,,,,,,
DLG-F3_306,CheckTable,BattV,DLG,,Datalogger,,,,,,
DLG-F3_306,CheckTable,SolarV,DLG,,Datalogger,,,,,,
DLG-F3_306,CheckTable,Batt_CHECK,DLG,,Datalogger,,,,,,
DLG-F3_306,CheckTable,Solar_CHECK,DLG,,Datalogger,,,,,,
DLG-F3_306,CheckTable,Flag(1),DLG,,Datalogger,,,,,,
DLG-F3_306,CheckTable,Flag(2),DLG,,Datalogger,,,,,,
DLG-F3_306,CheckTable,Flag(3),DLG,,Datalogger,,,,,,
DLG-F3_306,CheckTable,Flag(4),DLG,,Datalogger,,,,,,
DLG-F3_306,CheckTable,Flag(5),DLG,,Datalogger,,,,,,
DLG-F3_306,CheckTable,Flag(6),DLG,,Datalogger,,,,,,
DLG-F3_306,CheckTable,Flag(7),DLG,,Datalogger,,,,,,
DLG-F3_306,CheckTable,Flag(8),DLG,,Datalogger,,,,,,
DLG-F3_306,CheckTable,Flag(9),DLG,,Datalogger,,,,,,
DLG-F3_306,CheckTable,Flag(10),DLG,,Datalogger,,,,,,
DLG-F3_306,CheckTable,Statname,DLG,,Datalogger,,,,,,
DLG-F3_306,CheckTable,PB,DLG,,Datalogger,,,,,,
,,,,,,,,,,,
DLG-F3_306,Redox15,Format,DLG,,Redox,,,,,,
DLG-F3_306,Redox15,RECORD,DLG,,Redox,,,,,,
DLG-F3_306,Redox15,Statname,DLG,,Redox,,,,,,
DLG-F3_306,Redox15,BattV,DLG,,Redox,,,,,,
DLG-F3_306,Redox15,RedoxRa(1),DLG,,Redox,,,,,,
DLG-F3_306,Redox15,RedoxRa(2),DLG,,Redox,,,,,,
DLG-F3_306,Redox15,RedoxRa(3),DLG,,Redox,,,,,,
DLG-F3_306,Redox15,RedoxRa(4),DLG,,Redox,,,,,,
DLG-F3_306,Redox15,RedoxRa(5),DLG,,Redox,,,,,,
DLG-F3_306,Redox15,RedoxRa(6),DLG,,Redox,,,,,,
DLG-F3_306,Redox15,RedoxRa(7),DLG,,Redox,,,,,,
DLG-F3_306,Redox15,RedoxRa(8),DLG,,Redox,,,,,,
DLG-F3_306,Redox15,RedoxRa(9),DLG,,Redox,,,,,,
DLG-F3_306,Redox15,RedoxRa(10),DLG,,Redox,,,,,,
DLG-F3_306,Redox15,RedoxRa(11),DLG,,Redox,,,,,,
DLG-F3_306,Redox15,RedoxRa(12),DLG,,Redox,,,,,,
DLG-F3_306,Redox15,RedoxRa(13),DLG,,Redox,,,,,,
DLG-F3_306,Redox15,RedoxRa(14),DLG,,Redox,,,,,,
DLG-F3_306,Redox15,RedoxRa(15),DLG,,Redox,,,,,,
DLG-F3_306,Redox15,RedoxRa(16),DLG,,Redox,,,,,,
DLG-F3_306,Redox15,RedoxRa(17),DLG,,Redox,,,,,,
DLG-F3_306,Redox15,RedoxRa(18),DLG,,Redox,,,,,,
DLG-F3_306,Redox15,RedoxRa(19),DLG,,Redox,,,,,,
DLG-F3_306,Redox15,RedoxRa(20),DLG,,Redox,,,,,,
DLG-F3_306,Redox15,RedoxRa(21),DLG,,Redox,,,,,,
DLG-F3_306,Redox15,RedoxRa(22),DLG,,Redox,,,,,,
DLG-F3_306,Redox15,RedoxRa(23),DLG,,Redox,,,,,,
DLG-F3_306,Redox15,RedoxRa(24),DLG,,Redox,,,,,,
DLG-F3_306,Redox15,RedoxRb(1),DLG,,Redox,,,,,,
DLG-F3_306,Redox15,RedoxRb(2),DLG,,Redox,,,,,,
DLG-F3_306,Redox15,RedoxRb(3),DLG,,Redox,,,,,,
DLG-F3_306,Redox15,RedoxRb(4),DLG,,Redox,,,,,,
DLG-F3_306,Redox15,RedoxRb(5),DLG,,Redox,,,,,,
DLG-F3_306,Redox15,RedoxRb(6),DLG,,Redox,,,,,,
DLG-F3_306,Redox15,RedoxRb(7),DLG,,Redox,,,,,,
DLG-F3_306,Redox15,RedoxRb(8),DLG,,Redox,,,,,,
DLG-F3_306,Redox15,RedoxRb(9),DLG,,Redox,,,,,,
DLG-F3_306,Redox15,RedoxRb(10),DLG,,Redox,,,,,,
DLG-F3_306,Redox15,RedoxRb(11),DLG,,Redox,,,,,,
DLG-F3_306,Redox15,RedoxRb(12),DLG,,Redox,,,,,,
DLG-F3_306,Redox15,RedoxRb(13),DLG,,Redox,,,,,,
DLG-F3_306,Redox15,RedoxRb(14),DLG,,Redox,,,,,,
DLG-F3_306,Redox15,RedoxRb(15),DLG,,Redox,,,,,,
DLG-F3_306,Redox15,RedoxRb(16),DLG,,Redox,,,,,,
DLG-F3_306,Redox15,RedoxRb(17),DLG,,Redox,,,,,,
DLG-F3_306,Redox15,RedoxRb(18),DLG,,Redox,,,,,,
DLG-F3_306,Redox15,RedoxRb(19),DLG,,Redox,,,,,,
DLG-F3_306,Redox15,RedoxRb(20),DLG,,Redox,,,,,,
DLG-F3_306,Redox15,RedoxRb(21),DLG,,Redox,,,,,,
DLG-F3_306,Redox15,RedoxRb(22),DLG,,Redox,,,,,,
DLG-F3_306,Redox15,RedoxRb(23),DLG,,Redox,,,,,,
DLG-F3_306,Redox15,RedoxRb(24),DLG,,Redox,,,,,,
,,,,,,,,,,,
DLG-F3_306,Redox5,Format,DLG,,Redox,,,,,,
DLG-F3_306,Redox5,RECORD,DLG,,Redox,,,,,,
DLG-F3_306,Redox5,Statname,DLG,,Redox,,,,,,
DLG-F3_306,Redox5,BattV,DLG,,Redox,,,,,,
DLG-F3_306,Redox5,RedoxRa(1),DLG,,Redox,,,,,,
DLG-F3_306,Redox5,RedoxRa(2),DLG,,Redox,,,,,,
DLG-F3_306,Redox5,RedoxRa(3),DLG,,Redox,,,,,,
DLG-F3_306,Redox5,RedoxRa(4),DLG,,Redox,,,,,,
DLG-F3_306,Redox5,RedoxRa(5),DLG,,Redox,,,,,,
DLG-F3_306,Redox5,RedoxRa(6),DLG,,Redox,,,,,,
DLG-F3_306,Redox5,RedoxRa(7),DLG,,Redox,,,,,,
DLG-F3_306,Redox5,RedoxRa(8),DLG,,Redox,,,,,,
DLG-F3_306,Redox5,RedoxRa(9),DLG,,Redox,,,,,,
DLG-F3_306,Redox5,RedoxRa(10),DLG,,Redox,,,,,,
DLG-F3_306,Redox5,RedoxRa(11),DLG,,Redox,,,,,,
DLG-F3_306,Redox5,RedoxRa(12),DLG,,Redox,,,,,,
DLG-F3_306,Redox5,RedoxRa(13),DLG,,Redox,,,,,,
DLG-F3_306,Redox5,RedoxRa(14),DLG,,Redox,,,,,,
DLG-F3_306,Redox5,RedoxRa(15),DLG,,Redox,,,,,,
DLG-F3_306,Redox5,RedoxRa(16),DLG,,Redox,,,,,,
DLG-F3_306,Redox5,RedoxRa(17),DLG,,Redox,,,,,,
DLG-F3_306,Redox5,RedoxRa(18),DLG,,Redox,,,,,,
DLG-F3_306,Redox5,RedoxRa(19),DLG,,Redox,,,,,,
DLG-F3_306,Redox5,RedoxRa(20),DLG,,Redox,,,,,,
DLG-F3_306,Redox5,RedoxRa(21),DLG,,Redox,,,,,,
DLG-F3_306,Redox5,RedoxRa(22),DLG,,Redox,,,,,,
DLG-F3_306,Redox5,RedoxRa(23),DLG,,Redox,,,,,,
DLG-F3_306,Redox5,RedoxRa(24),DLG,,Redox,,,,,,
DLG-F3_306,Redox5,RedoxRb(1),DLG,,Redox,,,,,,
DLG-F3_306,Redox5,RedoxRb(2),DLG,,Redox,,,,,,
DLG-F3_306,Redox5,RedoxRb(3),DLG,,Redox,,,,,,
DLG-F3_306,Redox5,RedoxRb(4),DLG,,Redox,,,,,,
DLG-F3_306,Redox5,RedoxRb(5),DLG,,Redox,,,,,,
DLG-F3_306,Redox5,RedoxRb(6),DLG,,Redox,,,,,,
DLG-F3_306,Redox5,RedoxRb(7),DLG,,Redox,,,,,,
DLG-F3_306,Redox5,RedoxRb(8),DLG,,Redox,,,,,,
DLG-F3_306,Redox5,RedoxRb(9),DLG,,Redox,,,,,,
DLG-F3_306,Redox5,RedoxRb(10),DLG,,Redox,,,,,,
DLG-F3_306,Redox5,RedoxRb(11),DLG,,Redox,,,,,,
DLG-F3_306,Redox5,RedoxRb(12),DLG,,Redox,,,,,,
DLG-F3_306,Redox5,RedoxRb(13),DLG,,Redox,,,,,,
DLG-F3_306,Redox5,RedoxRb(14),DLG,,Redox,,,,,,
DLG-F3_306,Redox5,RedoxRb(15),DLG,,Redox,,,,,,
DLG-F3_306,Redox5,RedoxRb(16),DLG,,Redox,,,,,,
DLG-F3_306,Redox5,RedoxRb(17),DLG,,Redox,,,,,,
DLG-F3_306,Redox5,RedoxRb(18),DLG,,Redox,,,,,,
DLG-F3_306,Redox5,RedoxRb(19),DLG,,Redox,,,,,,
DLG-F3_306,Redox5,RedoxRb(20),DLG,,Redox,,,,,,
DLG-F3_306,Redox5,RedoxRb(21),DLG,,Redox,,,,,,
DLG-F3_306,Redox5,RedoxRb(22),DLG,,Redox,,,,,,
DLG-F3_306,Redox5,RedoxRb(23),DLG,,Redox,,,,,,
DLG-F3_306,Redox5,RedoxRb(24),DLG,,Redox,,,,,,
,,,,,,,,,,,
DLG-F3_306,Teros12Table,Format,DLG,,TEROS12,,,,,,
DLG-F3_306,Teros12Table,RECORD,DLG,,TEROS12,,,,,,
DLG-F3_306,Teros12Table,PB,DLG,,TEROS12,,,,,,
DLG-F3_306,Teros12Table,Statname,DLG,,TEROS12,,,,,,
DLG-F3_306,Teros12Table,BattV_Avg,DLG,,TEROS12,,,,,,
DLG-F3_306,Teros12Table,"Teros12(1,1)",DLG,,TEROS12,1,168597,A1,,soil-vwc-10cm,
DLG-F3_306,Teros12Table,"Teros12(1,2)",DLG,,TEROS12,1,168597,A1,,soil-ec-10cm,
DLG-F3_306,Teros12Table,"Teros12(1,3)",DLG,,TEROS12,1,168597,A1,,soil-temp-10cm,
DLG-F3_306,Teros12Table,"Teros12(2,1)",DLG,,TEROS12,1,168575,A1,,soil-vwc-30cm,
DLG-F3_306,Teros12Table,"Teros12(2,2)",DLG,,TEROS12,1,168575,A1,,soil-ec-30cm,
DLG-F3_306,Teros12Table,"Teros12(2,3)",DLG,,TEROS12,1,168575,A1,,soil-temp-30cm,
DLG-F3_306,Teros12Table,"Teros12(3,1)",DLG,,TEROS12,1,168554,A1,,soil-vwc-40cm,
DLG-F3_306,Teros12Table,"Teros12(3,2)",DLG,,TEROS12,1,168554,A1,,soil-ec-40cm,
DLG-F3_306,Teros12Table,"Teros12(3,3)",DLG,,TEROS12,1,168554,A1,,soil-temp-40cm,
DLG-F3_306,Teros12Table,"Teros12(4,1)",DLG,,TEROS12,2,168587,A4,,soil-vwc-10cm,
DLG-F3_306,Teros12Table,"Teros12(4,2)",DLG,,TEROS12,2,168587,A4,,soil-ec-10cm,
DLG-F3_306,Teros12Table,"Teros12(4,3)",DLG,,TEROS12,2,168587,A4,,soil-temp-10cm,
DLG-F3_306,Teros12Table,"Teros12(5,1)",DLG,,TEROS12,2,168567,A4,,soil-vwc-30cm,
DLG-F3_306,Teros12Table,"Teros12(5,2)",DLG,,TEROS12,2,168567,A4,,soil-ec-30cm,
DLG-F3_306,Teros12Table,"Teros12(5,3)",DLG,,TEROS12,2,168567,A4,,soil-temp-30cm,
DLG-F3_306,Teros12Table,"Teros12(6,1)",DLG,,TEROS12,2,168591,A4,,soil-vwc-40cm,
DLG-F3_306,Teros12Table,"Teros12(6,2)",DLG,,TEROS12,2,168591,A4,,soil-ec-40cm,
DLG-F3_306,Teros12Table,"Teros12(6,3)",DLG,,TEROS12,2,168591,A4,,soil-temp-40cm,
DLG-F3_306,Teros12Table,"Teros12(7,1)",DLG,,TEROS12,3,168555,B3,,soil-vwc-10cm,
DLG-F3_306,Teros12Table,"Teros12(7,2)",DLG,,TEROS12,3,168555,B3,,soil-ec-10cm,
DLG-F3_306,Teros12Table,"Teros12(7,3)",DLG,,TEROS12,3,168555,B3,,soil-temp-10cm,
DLG-F3_306,Teros12Table,"Teros12(8,1)",DLG,,TEROS12,3,168638,B3,,soil-vwc-30cm,
DLG-F3_306,Teros12Table,"Teros12(8,2)",DLG,,TEROS12,3,168638,B3,,soil-ec-30cm,
DLG-F3_306,Teros12Table,"Teros12(8,3)",DLG,,TEROS12,3,168638,B3,,soil-temp-30cm,
DLG-F3_306,Teros12Table,"Teros12(9,1)",DLG,,TEROS12,3,168641,B3,,soil-vwc-40cm,
DLG-F3_306,Teros12Table,"Teros12(9,2)",DLG,,TEROS12,3,168641,B3,,soil-ec-40cm,
DLG-F3_306,Teros12Table,"Teros12(9,3)",DLG,,TEROS12,3,168641,B3,,soil-temp-40cm,
DLG-F3_306,Teros12Table,"Teros12(10,1)",DLG,,TEROS12,4,168633,C2,,soil-vwc-10cm,
DLG-F3_306,Teros12Table,"Teros12(10,2)",DLG,,TEROS12,4,168633,C2,,soil-ec-10cm,
DLG-F3_306,Teros12Table,"Teros12(10,3)",DLG,,TEROS12,4,168633,C2,,soil-temp-10cm,
DLG-F3_306,Teros12Table,"Teros12(11,1)",DLG,,TEROS12,4,168644,C2,,soil-vwc-30cm,
DLG-F3_306,Teros12Table,"Teros12(11,2)",DLG,,TEROS12,4,168644,C2,,soil-ec-30cm,
DLG-F3_306,Teros12Table,"Teros12(11,3)",DLG,,TEROS12,4,168644,C2,,soil-temp-30cm,
DLG-F3_306,Teros12Table,"Teros12(12,1)",DLG,,TEROS12,4,168645,C2,,soil-vwc-40cm,
DLG-F3_306,Teros12Table,"Teros12(12,2)",DLG,,TEROS12,4,168645,C2,,soil-ec-40cm,
DLG-F3_306,Teros12Table,"Teros12(12,3)",DLG,,TEROS12,4,168645,C2,,soil-temp-40cm,
DLG-F3_306,Teros12Table,"Teros12(13,1)",DLG,,TEROS12,5,168478,D1,,soil-vwc-10cm,
DLG-F3_306,Teros12Table,"Teros12(13,2)",DLG,,TEROS12,5,168478,D1,,soil-ec-10cm,
DLG-F3_306,Teros12Table,"Teros12(13,3)",DLG,,TEROS12,5,168478,D1,,soil-temp-10cm,
DLG-F3_306,Teros12Table,"Teros12(14,1)",DLG,,TEROS12,5,168482,D1,,soil-vwc-30cm,
DLG-F3_306,Teros12Table,"Teros12(14,2)",DLG,,TEROS12,5,168482,D1,,soil-ec-30cm,
DLG-F3_306,Teros12Table,"Teros12(14,3)",DLG,,TEROS12,5,168482,D1,,soil-temp-30cm,
DLG-F3_306,Teros12Table,"Teros12(15,1)",DLG,,TEROS12,5,168574,D1,,soil-vwc-40cm,
DLG-F3_306,Teros12Table,"Teros12(15,2)",DLG,,TEROS12,5,168574,D1,,soil-ec-40cm,
DLG-F3_306,Teros12Table,"Teros12(15,3)",DLG,,TEROS12,5,168574,D1,,soil-temp-40cm,
DLG-F3_306,Teros12Table,"Teros12(16,1)",DLG,,TEROS12,6,168472,D4,,soil-vwc-10cm,
DLG-F3_306,Teros12Table,"Teros12(16,2)",DLG,,TEROS12,6,168472,D4,,soil-ec-10cm,
DLG-F3_306,Teros12Table,"Teros12(16,3)",DLG,,TEROS12,6,168472,D4,,soil-temp-10cm,
DLG-F3_306,Teros12Table,"Teros12(17,1)",DLG,,TEROS12,6,168476,D4,,soil-vwc-30cm,
DLG-F3_306,Teros12Table,"Teros12(17,2)",DLG,,TEROS12,6,168476,D4,,soil-ec-30cm,
DLG-F3_306,Teros12Table,"Teros12(17,3)",DLG,,TEROS12,6,168476,D4,,soil-temp-30cm,
DLG-F3_306,Teros12Table,"Teros12(18,1)",DLG,,TEROS12,6,168381,D4,,soil-vwc-40cm,
DLG-F3_306,Teros12Table,"Teros12(18,2)",DLG,,TEROS12,6,168381,D4,,soil-ec-40cm,
DLG-F3_306,Teros12Table,"Teros12(18,3)",DLG,,TEROS12,6,168381,D4,,soil-temp-40cm,
,,,,,,,,,,,
DLG-F3_306,Teros21Table,Format,DLG,,TEROS21,,,,,,
DLG-F3_306,Teros21Table,RECORD,DLG,,TEROS21,,,,,,
DLG-F3_306,Teros21Table,PB,DLG,,TEROS21,,,,,,
DLG-F3_306,Teros21Table,Statname,DLG,,TEROS21,,,,,,
DLG-F3_306,Teros21Table,BattV_Avg,DLG,,TEROS21,,,,,,
DLG-F3_306,Teros21Table,"Teros21(1,1)",DLG,,TEROS21,1,36262,A1,,soil-vwc-Xcm,
DLG-F3_306,Teros21Table,"Teros21(1,2)",DLG,,TEROS21,1,36262,A1,,soil-vwc-Xcmcm,
DLG-F3_306,Teros21Table,"Teros21(2,1)",DLG,,TEROS21,1,36287,A1,,soil-temp-Xcm,
DLG-F3_306,Teros21Table,"Teros21(2,2)",DLG,,TEROS21,1,36287,A1,,,
DLG-F3_306,Teros21Table,"Teros21(3,1)",DLG,,TEROS21,1,36387,A1,,,
DLG-F3_306,Teros21Table,"Teros21(3,2)",DLG,,TEROS21,1,36387,A1,,,
DLG-F3_306,Teros21Table,"Teros21(4,1)",DLG,,TEROS21,2,36383,A4,,,
DLG-F3_306,Teros21Table,"Teros21(4,2)",DLG,,TEROS21,2,36383,A4,,,
DLG-F3_306,Teros21Table,"Teros21(5,1)",DLG,,TEROS21,2,36358,A4,,,
DLG-F3_306,Teros21Table,"Teros21(5,2)",DLG,,TEROS21,2,36358,A4,,,
DLG-F3_306,Teros21Table,"Teros21(6,1)",DLG,,TEROS21,2,36435,A4,,,
DLG-F3_306,Teros21Table,"Teros21(6,2)",DLG,,TEROS21,2,36435,A4,,,
DLG-F3_306,Teros21Table,"Teros21(7,1)",DLG,,TEROS21,3,36441,B3,,,
DLG-F3_306,Teros21Table,"Teros21(7,2)",DLG,,TEROS21,3,36441,B3,,,
DLG-F3_306,Teros21Table,"Teros21(8,1)",DLG,,TEROS21,3,36359,B3,,,
DLG-F3_306,Teros21Table,"Teros21(8,2)",DLG,,TEROS21,3,36359,B3,,,
DLG-F3_306,Teros21Table,"Teros21(9,1)",DLG,,TEROS21,3,36071,B3,,,
DLG-F3_306,Teros21Table,"Teros21(9,2)",DLG,,TEROS21,3,36071,B3,,,
DLG-F3_306,Teros21Table,"Teros21(10,1)",DLG,,TEROS21,4,34391,C2,,,
DLG-F3_306,Teros21Table,"Teros21(10,2)",DLG,,TEROS21,4,34391,C2,,,
DLG-F3_306,Teros21Table,"Teros21(11,1)",DLG,,TEROS21,4,34387,C2,,,
DLG-F3_306,Teros21Table,"Teros21(11,2)",DLG,,TEROS21,4,34387,C2,,,
DLG-F3_306,Teros21Table,"Teros21(12,1)",DLG,,TEROS21,4,34238,C2,,,
DLG-F3_306,Teros21Table,"Teros21(12,2)",DLG,,TEROS21,4,34238,C2,,,
DLG-F3_306,Teros21Table,"Teros21(13,1)",DLG,,TEROS21,5,34295,D1,,,
DLG-F3_306,Teros21Table,"Teros21(13,2)",DLG,,TEROS21,5,34295,D1,,,
DLG-F3_306,Teros21Table,"Teros21(14,1)",DLG,,TEROS21,5,34235,D1,,,
DLG-F3_306,Teros21Table,"Teros21(14,2)",DLG,,TEROS21,5,34235,D1,,,
DLG-F3_306,Teros21Table,"Teros21(15,1)",DLG,,TEROS21,5,34682,D1,,,
DLG-F3_306,Teros21Table,"Teros21(15,2)",DLG,,TEROS21,5,34682,D1,,,
DLG-F3_306,Teros21Table,"Teros21(16,1)",DLG,,TEROS21,6,34222,D4,,,
DLG-F3_306,Teros21Table,"Teros21(16,2)",DLG,,TEROS21,6,34222,D4,,,
DLG-F3_306,Teros21Table,"Teros21(17,1)",DLG,,TEROS21,6,34388,D4,,,
DLG-F3_306,Teros21Table,"Teros21(17,2)",DLG,,TEROS21,6,34388,D4,,,
DLG-F3_306,Teros21Table,"Teros21(18,1)",DLG,,TEROS21,6,34426,D4,,,
DLG-F3_306,Teros21Table,"Teros21(18,2)",DLG,,TEROS21,6,34426,D4,,,
,,,,,,,,,,,
DLG-R1_307,CheckTable,Format,DLG,,Datalogger,,,,,,
DLG-R1_307,CheckTable,RECORD,DLG,,Datalogger,,,,,,
DLG-R1_307,CheckTable,BattV,DLG,,Datalogger,,,,,,
DLG-R1_307,CheckTable,SolarV,DLG,,Datalogger,,,,,,
DLG-R1_307,CheckTable,Batt_CHECK,DLG,,Datalogger,,,,,,
DLG-R1_307,CheckTable,Solar_CHECK,DLG,,Datalogger,,,,,,
DLG-R1_307,CheckTable,Flag(1),DLG,,Datalogger,,,,,,
DLG-R1_307,CheckTable,Flag(2),DLG,,Datalogger,,,,,,
DLG-R1_307,CheckTable,Flag(3),DLG,,Datalogger,,,,,,
DLG-R1_307,CheckTable,Flag(4),DLG,,Datalogger,,,,,,
DLG-R1_307,CheckTable,Flag(5),DLG,,Datalogger,,,,,,
DLG-R1_307,CheckTable,Flag(6),DLG,,Datalogger,,,,,,
DLG-R1_307,CheckTable,Flag(7),DLG,,Datalogger,,,,,,
DLG-R1_307,CheckTable,Flag(8),DLG,,Datalogger,,,,,,
DLG-R1_307,CheckTable,Flag(9),DLG,,Datalogger,,,,,,
DLG-R1_307,CheckTable,Flag(10),DLG,,Datalogger,,,,,,
DLG-R1_307,CheckTable,Statname,DLG,,Datalogger,,,,,,
DLG-R1_307,CheckTable,PB,DLG,,Datalogger,,,,,,
,,,,,,,,,,,
DLG-R1_307,Redox15,Format,DLG,,Redox,,,,,,
DLG-R1_307,Redox15,RECORD,DLG,,Redox,,,,,,
DLG-R1_307,Redox15,Statname,DLG,,Redox,,,,,,
DLG-R1_307,Redox15,BattV,DLG,,Redox,,,,,,
DLG-R1_307,Redox15,RedoxRa(1),DLG,,Redox,,,,,,
DLG-R1_307,Redox15,RedoxRa(2),DLG,,Redox,,,,,,
DLG-R1_307,Redox15,RedoxRa(3),DLG,,Redox,,,,,,
DLG-R1_307,Redox15,RedoxRa(4),DLG,,Redox,,,,,,
DLG-R1_307,Redox15,RedoxRa(5),DLG,,Redox,,,,,,
DLG-R1_307,Redox15,RedoxRa(6),DLG,,Redox,,,,,,
DLG-R1_307,Redox15,RedoxRa(7),DLG,,Redox,,,,,,
DLG-R1_307,Redox15,RedoxRa(8),DLG,,Redox,,,,,,
DLG-R1_307,Redox15,RedoxRa(9),DLG,,Redox,,,,,,
DLG-R1_307,Redox15,RedoxRa(10),DLG,,Redox,,,,,,
DLG-R1_307,Redox15,RedoxRa(11),DLG,,Redox,,,,,,
DLG-R1_307,Redox15,RedoxRa(12),DLG,,Redox,,,,,,
DLG-R1_307,Redox15,RedoxRa(13),DLG,,Redox,,,,,,
DLG-R1_307,Redox15,RedoxRa(14),DLG,,Redox,,,,,,
DLG-R1_307,Redox15,RedoxRa(15),DLG,,Redox,,,,,,
DLG-R1_307,Redox15,RedoxRa(16),DLG,,Redox,,,,,,
DLG-R1_307,Redox15,RedoxRa(17),DLG,,Redox,,,,,,
DLG-R1_307,Redox15,RedoxRa(18),DLG,,Redox,,,,,,
DLG-R1_307,Redox15,RedoxRa(19),DLG,,Redox,,,,,,
DLG-R1_307,Redox15,RedoxRa(20),DLG,,Redox,,,,,,
DLG-R1_307,Redox15,RedoxRa(21),DLG,,Redox,,,,,,
DLG-R1_307,Redox15,RedoxRa(22),DLG,,Redox,,,,,,
DLG-R1_307,Redox15,RedoxRa(23),DLG,,Redox,,,,,,
DLG-R1_307,Redox15,RedoxRa(24),DLG,,Redox,,,,,,
DLG-R1_307,Redox15,RedoxRb(1),DLG,,Redox,,,,,,
DLG-R1_307,Redox15,RedoxRb(2),DLG,,Redox,,,,,,
DLG-R1_307,Redox15,RedoxRb(3),DLG,,Redox,,,,,,
DLG-R1_307,Redox15,RedoxRb(4),DLG,,Redox,,,,,,
DLG-R1_307,Redox15,RedoxRb(5),DLG,,Redox,,,,,,
DLG-R1_307,Redox15,RedoxRb(6),DLG,,Redox,,,,,,
DLG-R1_307,Redox15,RedoxRb(7),DLG,,Redox,,,,,,
DLG-R1_307,Redox15,RedoxRb(8),DLG,,Redox,,,,,,
DLG-R1_307,Redox15,RedoxRb(9),DLG,,Redox,,,,,,
DLG-R1_307,Redox15,RedoxRb(10),DLG,,Redox,,,,,,
DLG-R1_307,Redox15,RedoxRb(11),DLG,,Redox,,,,,,
DLG-R1_307,Redox15,RedoxRb(12),DLG,,Redox,,,,,,
DLG-R1_307,Redox15,RedoxRb(13),DLG,,Redox,,,,,,
DLG-R1_307,Redox15,RedoxRb(14),DLG,,Redox,,,,,,
DLG-R1_307,Redox15,RedoxRb(15),DLG,,Redox,,,,,,
DLG-R1_307,Redox15,RedoxRb(16),DLG,,Redox,,,,,,
DLG-R1_307,Redox15,RedoxRb(17),DLG,,Redox,,,,,,
DLG-R1_307,Redox15,RedoxRb(18),DLG,,Redox,,,,,,
DLG-R1_307,Redox15,RedoxRb(19),DLG,,Redox,,,,,,
DLG-R1_307,Redox15,RedoxRb(20),DLG,,Redox,,,,,,
DLG-R1_307,Redox15,RedoxRb(21),DLG,,Redox,,,,,,
DLG-R1_307,Redox15,RedoxRb(22),DLG,,Redox,,,,,,
DLG-R1_307,Redox15,RedoxRb(23),DLG,,Redox,,,,,,
DLG-R1_307,Redox15,RedoxRb(24),DLG,,Redox,,,,,,
,,,,,,,,,,,
DLG-R1_307,Redox5,Format,DLG,,Redox,,,,,,
DLG-R1_307,Redox5,RECORD,DLG,,Redox,,,,,,
DLG-R1_307,Redox5,Statname,DLG,,Redox,,,,,,
DLG-R1_307,Redox5,BattV,DLG,,Redox,,,,,,
DLG-R1_307,Redox5,RedoxRa(1),DLG,,Redox,,,,,,
DLG-R1_307,Redox5,RedoxRa(2),DLG,,Redox,,,,,,
DLG-R1_307,Redox5,RedoxRa(3),DLG,,Redox,,,,,,
DLG-R1_307,Redox5,RedoxRa(4),DLG,,Redox,,,,,,
DLG-R1_307,Redox5,RedoxRa(5),DLG,,Redox,,,,,,
DLG-R1_307,Redox5,RedoxRa(6),DLG,,Redox,,,,,,
DLG-R1_307,Redox5,RedoxRa(7),DLG,,Redox,,,,,,
DLG-R1_307,Redox5,RedoxRa(8),DLG,,Redox,,,,,,
DLG-R1_307,Redox5,RedoxRa(9),DLG,,Redox,,,,,,
DLG-R1_307,Redox5,RedoxRa(10),DLG,,Redox,,,,,,
DLG-R1_307,Redox5,RedoxRa(11),DLG,,Redox,,,,,,
DLG-R1_307,Redox5,RedoxRa(12),DLG,,Redox,,,,,,
DLG-R1_307,Redox5,RedoxRa(13),DLG,,Redox,,,,,,
DLG-R1_307,Redox5,RedoxRa(14),DLG,,Redox,,,,,,
DLG-R1_307,Redox5,RedoxRa(15),DLG,,Redox,,,,,,
DLG-R1_307,Redox5,RedoxRa(16),DLG,,Redox,,,,,,
DLG-R1_307,Redox5,RedoxRa(17),DLG,,Redox,,,,,,
DLG-R1_307,Redox5,RedoxRa(18),DLG,,Redox,,,,,,
DLG-R1_307,Redox5,RedoxRa(19),DLG,,Redox,,,,,,
DLG-R1_307,Redox5,RedoxRa(20),DLG,,Redox,,,,,,
DLG-R1_307,Redox5,RedoxRa(21),DLG,,Redox,,,,,,
DLG-R1_307,Redox5,RedoxRa(22),DLG,,Redox,,,,,,
DLG-R1_307,Redox5,RedoxRa(23),DLG,,Redox,,,,,,
DLG-R1_307,Redox5,RedoxRa(24),DLG,,Redox,,,,,,
DLG-R1_307,Redox5,RedoxRb(1),DLG,,Redox,,,,,,
DLG-R1_307,Redox5,RedoxRb(2),DLG,,Redox,,,,,,
DLG-R1_307,Redox5,RedoxRb(3),DLG,,Redox,,,,,,
DLG-R1_307,Redox5,RedoxRb(4),DLG,,Redox,,,,,,
DLG-R1_307,Redox5,RedoxRb(5),DLG,,Redox,,,,,,
DLG-R1_307,Redox5,RedoxRb(6),DLG,,Redox,,,,,,
DLG-R1_307,Redox5,RedoxRb(7),DLG,,Redox,,,,,,
DLG-R1_307,Redox5,RedoxRb(8),DLG,,Redox,,,,,,
DLG-R1_307,Redox5,RedoxRb(9),DLG,,Redox,,,,,,
DLG-R1_307,Redox5,RedoxRb(10),DLG,,Redox,,,,,,
DLG-R1_307,Redox5,RedoxRb(11),DLG,,Redox,,,,,,
DLG-R1_307,Redox5,RedoxRb(12),DLG,,Redox,,,,,,
DLG-R1_307,Redox5,RedoxRb(13),DLG,,Redox,,,,,,
DLG-R1_307,Redox5,RedoxRb(14),DLG,,Redox,,,,,,
DLG-R1_307,Redox5,RedoxRb(15),DLG,,Redox,,,,,,
DLG-R1_307,Redox5,RedoxRb(16),DLG,,Redox,,,,,,
DLG-R1_307,Redox5,RedoxRb(17),DLG,,Redox,,,,,,
DLG-R1_307,Redox5,RedoxRb(18),DLG,,Redox,,,,,,
DLG-R1_307,Redox5,RedoxRb(19),DLG,,Redox,,,,,,
DLG-R1_307,Redox5,RedoxRb(20),DLG,,Redox,,,,,,
DLG-R1_307,Redox5,RedoxRb(21),DLG,,Redox,,,,,,
DLG-R1_307,Redox5,RedoxRb(22),DLG,,Redox,,,,,,
DLG-R1_307,Redox5,RedoxRb(23),DLG,,Redox,,,,,,
DLG-R1_307,Redox5,RedoxRb(24),DLG,,Redox,,,,,,
,,,,,,,,,,,
DLG-R1_307,SapflowA,Format,DLG,,Sapflow,,,,,,
DLG-R1_307,SapflowA,RECORD,DLG,,Sapflow,,,,,,
DLG-R1_307,SapflowA,PB,DLG,,Sapflow,,,,,,
DLG-R1_307,SapflowA,Statname,DLG,,Sapflow,,,,,,
DLG-R1_307,SapflowA,BattV_Avg,DLG,,Sapflow,,,,,,
DLG-R1_307,SapflowA,DiffVoltA_Avg(1),DLG,,Sapflow,,,,,sapflow-3.5cm,
DLG-R1_307,SapflowA,DiffVoltA_Avg(2),DLG,,Sapflow,,,,,sapflow-3.5cm,
DLG-R1_307,SapflowA,DiffVoltA_Avg(3),DLG,,Sapflow,,,,,sapflow-3.5cm,
DLG-R1_307,SapflowA,DiffVoltA_Avg(4),DLG,,Sapflow,,,,,sapflow-3.5cm,
DLG-R1_307,SapflowA,DiffVoltA_Avg(5),DLG,,Sapflow,,,,,sapflow-3.5cm,
DLG-R1_307,SapflowA,DiffVoltA_Avg(6),DLG,,Sapflow,,,,,sapflow-3.5cm,
DLG-R1_307,SapflowA,DiffVoltA_Avg(7),DLG,,Sapflow,,,,,sapflow-3.5cm,
DLG-R1_307,SapflowA,DiffVoltA_Avg(8),DLG,,Sapflow,,,,,sapflow-3.5cm,
DLG-R1_307,SapflowA,DiffVoltA_Avg(9),DLG,,Sapflow,,,,,sapflow-3.5cm,
DLG-R1_307,SapflowA,DiffVoltA_Avg(10),DLG,,Sapflow,,,,,sapflow-3.5cm,
DLG-R1_307,SapflowA,DiffVoltA_Avg(11),DLG,,Sapflow,,,,,sapflow-3.5cm,
DLG-R1_307,SapflowA,DiffVoltA_Avg(12),DLG,,Sapflow,,,,,sapflow-3.5cm,
,,,,,,,,,,,
DLG-R1_307,Teros12Table,Format,DLG,,TEROS12,,,,,,
DLG-R1_307,Teros12Table,RECORD,DLG,,TEROS12,,,,,,
DLG-R1_307,Teros12Table,PB,DLG,,TEROS12,,,,,,
DLG-R1_307,Teros12Table,Statname,DLG,,TEROS12,,,,,,
DLG-R1_307,Teros12Table,BattV_Avg,DLG,,TEROS12,,,,,,
DLG-R1_307,Teros12Table,"Teros12(1,1)",DLG,,TEROS12,1,168512,A1,,soil-vwc-10cm,
DLG-R1_307,Teros12Table,"Teros12(1,2)",DLG,,TEROS12,1,168512,A1,,soil-ec-10cm,
DLG-R1_307,Teros12Table,"Teros12(1,3)",DLG,,TEROS12,1,168512,A1,,soil-temp-10cm,
DLG-R1_307,Teros12Table,"Teros12(2,1)",DLG,,TEROS12,1,168452,A1,,soil-vwc-30cm,
DLG-R1_307,Teros12Table,"Teros12(2,2)",DLG,,TEROS12,1,168452,A1,,soil-ec-30cm,
DLG-R1_307,Teros12Table,"Teros12(2,3)",DLG,,TEROS12,1,168452,A1,,soil-temp-30cm,
DLG-R1_307,Teros12Table,"Teros12(3,1)",DLG,,TEROS12,1,168456,A1,,soil-vwc-40cm,
DLG-R1_307,Teros12Table,"Teros12(3,2)",DLG,,TEROS12,1,168456,A1,,soil-ec-40cm,
DLG-R1_307,Teros12Table,"Teros12(3,3)",DLG,,TEROS12,1,168456,A1,,soil-temp-40cm,
DLG-R1_307,Teros12Table,"Teros12(4,1)",DLG,,TEROS12,2,168487,A4,,soil-vwc-10cm,
DLG-R1_307,Teros12Table,"Teros12(4,2)",DLG,,TEROS12,2,168487,A4,,soil-ec-10cm,
DLG-R1_307,Teros12Table,"Teros12(4,3)",DLG,,TEROS12,2,168487,A4,,soil-temp-10cm,
DLG-R1_307,Teros12Table,"Teros12(5,1)",DLG,,TEROS12,2,168532,A4,,soil-vwc-30cm,
DLG-R1_307,Teros12Table,"Teros12(5,2)",DLG,,TEROS12,2,168532,A4,,soil-ec-30cm,
DLG-R1_307,Teros12Table,"Teros12(5,3)",DLG,,TEROS12,2,168532,A4,,soil-temp-30cm,
DLG-R1_307,Teros12Table,"Teros12(6,1)",DLG,,TEROS12,2,168564,A4,,soil-vwc-40cm,
DLG-R1_307,Teros12Table,"Teros12(6,2)",DLG,,TEROS12,2,168564,A4,,soil-ec-40cm,
DLG-R1_307,Teros12Table,"Teros12(6,3)",DLG,,TEROS12,2,168564,A4,,soil-temp-40cm,
DLG-R1_307,Teros12Table,"Teros12(7,1)",DLG,,TEROS12,3,168521,B3,,soil-vwc-10cm,
DLG-R1_307,Teros12Table,"Teros12(7,2)",DLG,,TEROS12,3,168521,B3,,soil-ec-10cm,
DLG-R1_307,Teros12Table,"Teros12(7,3)",DLG,,TEROS12,3,168521,B3,,soil-temp-10cm,
DLG-R1_307,Teros12Table,"Teros12(8,1)",DLG,,TEROS12,3,168617,B3,,soil-vwc-30cm,
DLG-R1_307,Teros12Table,"Teros12(8,2)",DLG,,TEROS12,3,168617,B3,,soil-ec-30cm,
DLG-R1_307,Teros12Table,"Teros12(8,3)",DLG,,TEROS12,3,168617,B3,,soil-temp-30cm,
DLG-R1_307,Teros12Table,"Teros12(9,1)",DLG,,TEROS12,3,168547,B3,,soil-vwc-40cm,
DLG-R1_307,Teros12Table,"Teros12(9,2)",DLG,,TEROS12,3,168547,B3,,soil-ec-40cm,
DLG-R1_307,Teros12Table,"Teros12(9,3)",DLG,,TEROS12,3,168547,B3,,soil-temp-40cm,
DLG-R1_307,Teros12Table,"Teros12(10,1)",DLG,,TEROS12,4,168613,C2,,soil-vwc-10cm,
DLG-R1_307,Teros12Table,"Teros12(10,2)",DLG,,TEROS12,4,168613,C2,,soil-ec-10cm,
DLG-R1_307,Teros12Table,"Teros12(10,3)",DLG,,TEROS12,4,168613,C2,,soil-temp-10cm,
DLG-R1_307,Teros12Table,"Teros12(11,1)",DLG,,TEROS12,4,168596,C2,,soil-vwc-30cm,
DLG-R1_307,Teros12Table,"Teros12(11,2)",DLG,,TEROS12,4,168596,C2,,soil-ec-30cm,
DLG-R1_307,Teros12Table,"Teros12(11,3)",DLG,,TEROS12,4,168596,C2,,soil-temp-30cm,
DLG-R1_307,Teros12Table,"Teros12(12,1)",DLG,,TEROS12,4,168423,C2,,soil-vwc-40cm,
DLG-R1_307,Teros12Table,"Teros12(12,2)",DLG,,TEROS12,4,168423,C2,,soil-ec-40cm,
DLG-R1_307,Teros12Table,"Teros12(12,3)",DLG,,TEROS12,4,168423,C2,,soil-temp-40cm,
DLG-R1_307,Teros12Table,"Teros12(13,1)",DLG,,TEROS12,5,168604,D1,,soil-vwc-10cm,
DLG-R1_307,Teros12Table,"Teros12(13,2)",DLG,,TEROS12,5,168604,D1,,soil-ec-10cm,
DLG-R1_307,Teros12Table,"Teros12(13,3)",DLG,,TEROS12,5,168604,D1,,soil-temp-10cm,
DLG-R1_307,Teros12Table,"Teros12(14,1)",DLG,,TEROS12,5,168628,D1,,soil-vwc-30cm,
DLG-R1_307,Teros12Table,"Teros12(14,2)",DLG,,TEROS12,5,168628,D1,,soil-ec-30cm,
DLG-R1_307,Teros12Table,"Teros12(14,3)",DLG,,TEROS12,5,168628,D1,,soil-temp-30cm,
DLG-R1_307,Teros12Table,"Teros12(15,1)",DLG,,TEROS12,5,168527,D1,,soil-vwc-40cm,
DLG-R1_307,Teros12Table,"Teros12(15,2)",DLG,,TEROS12,5,168527,D1,,soil-ec-40cm,
DLG-R1_307,Teros12Table,"Teros12(15,3)",DLG,,TEROS12,5,168527,D1,,soil-temp-40cm,
DLG-R1_307,Teros12Table,"Teros12(16,1)",DLG,,TEROS12,6,168601,D4,,soil-vwc-10cm,
DLG-R1_307,Teros12Table,"Teros12(16,2)",DLG,,TEROS12,6,168601,D4,,soil-ec-10cm,
DLG-R1_307,Teros12Table,"Teros12(16,3)",DLG,,TEROS12,6,168601,D4,,soil-temp-10cm,
DLG-R1_307,Teros12Table,"Teros12(17,1)",DLG,,TEROS12,6,168556,D4,,soil-vwc-30cm,
DLG-R1_307,Teros12Table,"Teros12(17,2)",DLG,,TEROS12,6,168556,D4,,soil-ec-30cm,
DLG-R1_307,Teros12Table,"Teros12(17,3)",DLG,,TEROS12,6,168556,D4,,soil-temp-30cm,
DLG-R1_307,Teros12Table,"Teros12(18,1)",DLG,,TEROS12,6,168606,D4,,soil-vwc-40cm,
DLG-R1_307,Teros12Table,"Teros12(18,2)",DLG,,TEROS12,6,168606,D4,,soil-ec-40cm,
DLG-R1_307,Teros12Table,"Teros12(18,3)",DLG,,TEROS12,6,168606,D4,,soil-temp-40cm,
,,,,,,,,,,,
DLG-R1_307,Teros21Table,Format,DLG,,TEROS21,,,,,,
DLG-R1_307,Teros21Table,RECORD,DLG,,TEROS21,,,,,,
DLG-R1_307,Teros21Table,PB,DLG,,TEROS21,,,,,,
DLG-R1_307,Teros21Table,Statname,DLG,,TEROS21,,,,,,
DLG-R1_307,Teros21Table,BattV_Avg,DLG,,TEROS21,,,,,,
DLG-R1_307,Teros21Table,"Teros21(1,1)",DLG,,TEROS21,1,,A1,,soil-vwc-Xcm,
DLG-R1_307,Teros21Table,"Teros21(1,2)",DLG,,TEROS21,1,,A1,,soil-vwc-Xcmcm,
DLG-R1_307,Teros21Table,"Teros21(2,1)",DLG,,TEROS21,1,,A1,,soil-temp-Xcm,
DLG-R1_307,Teros21Table,"Teros21(2,2)",DLG,,TEROS21,1,,A1,,,
DLG-R1_307,Teros21Table,"Teros21(3,1)",DLG,,TEROS21,1,,A1,,,
DLG-R1_307,Teros21Table,"Teros21(3,2)",DLG,,TEROS21,1,,A1,,,
DLG-R1_307,Teros21Table,"Teros21(4,1)",DLG,,TEROS21,2,,A4,,,
DLG-R1_307,Teros21Table,"Teros21(4,2)",DLG,,TEROS21,2,,A4,,,
DLG-R1_307,Teros21Table,"Teros21(5,1)",DLG,,TEROS21,2,,A4,,,
DLG-R1_307,Teros21Table,"Teros21(5,2)",DLG,,TEROS21,2,,A4,,,
DLG-R1_307,Teros21Table,"Teros21(6,1)",DLG,,TEROS21,2,,A4,,,
DLG-R1_307,Teros21Table,"Teros21(6,2)",DLG,,TEROS21,2,,A4,,,
DLG-R1_307,Teros21Table,"Teros21(7,1)",DLG,,TEROS21,3,,B3,,,
DLG-R1_307,Teros21Table,"Teros21(7,2)",DLG,,TEROS21,3,,B3,,,
DLG-R1_307,Teros21Table,"Teros21(8,1)",DLG,,TEROS21,3,,B3,,,
DLG-R1_307,Teros21Table,"Teros21(8,2)",DLG,,TEROS21,3,,B3,,,
DLG-R1_307,Teros21Table,"Teros21(9,1)",DLG,,TEROS21,3,,B3,,,
DLG-R1_307,Teros21Table,"Teros21(9,2)",DLG,,TEROS21,3,,B3,,,
DLG-R1_307,Teros21Table,"Teros21(10,1)",DLG,,TEROS21,4,34370,C2,,,
DLG-R1_307,Teros21Table,"Teros21(10,2)",DLG,,TEROS21,4,34370,C2,,,
DLG-R1_307,Teros21Table,"Teros21(11,1)",DLG,,TEROS21,4,34234,C2,,,
DLG-R1_307,Teros21Table,"Teros21(11,2)",DLG,,TEROS21,4,34234,C2,,,
DLG-R1_307,Teros21Table,"Teros21(12,1)",DLG,,TEROS21,4,34246,C2,,,
DLG-R1_307,Teros21Table,"Teros21(12,2)",DLG,,TEROS21,4,34246,C2,,,
DLG-R1_307,Teros21Table,"Teros21(13,1)",DLG,,TEROS21,5,,D1,,,
DLG-R1_307,Teros21Table,"Teros21(13,2)",DLG,,TEROS21,5,,D1,,,
DLG-R1_307,Teros21Table,"Teros21(14,1)",DLG,,TEROS21,5,,D1,,,
DLG-R1_307,Teros21Table,"Teros21(14,2)",DLG,,TEROS21,5,,D1,,,
DLG-R1_307,Teros21Table,"Teros21(15,1)",DLG,,TEROS21,5,,D1,,,
DLG-R1_307,Teros21Table,"Teros21(15,2)",DLG,,TEROS21,5,,D1,,,
DLG-R1_307,Teros21Table,"Teros21(16,1)",DLG,,TEROS21,6,,D4,,,
DLG-R1_307,Teros21Table,"Teros21(16,2)",DLG,,TEROS21,6,,D4,,,
DLG-R1_307,Teros21Table,"Teros21(17,1)",DLG,,TEROS21,6,,D4,,,
DLG-R1_307,Teros21Table,"Teros21(17,2)",DLG,,TEROS21,6,,D4,,,
DLG-R1_307,Teros21Table,"Teros21(18,1)",DLG,,TEROS21,6,,D4,,,
DLG-R1_307,Teros21Table,"Teros21(18,2)",DLG,,TEROS21,6,,D4,,,
,,,,,,,,,,,
DLG-R2_308,CheckTable,Format,DLG,,Datalogger,,,,,,
DLG-R2_308,CheckTable,RECORD,DLG,,Datalogger,,,,,,
DLG-R2_308,CheckTable,BattV,DLG,,Datalogger,,,,,,
DLG-R2_308,CheckTable,SolarV,DLG,,Datalogger,,,,,,
DLG-R2_308,CheckTable,Batt_CHECK,DLG,,Datalogger,,,,,,
DLG-R2_308,CheckTable,Solar_CHECK,DLG,,Datalogger,,,,,,
DLG-R2_308,CheckTable,Flag(1),DLG,,Datalogger,,,,,,
DLG-R2_308,CheckTable,Flag(2),DLG,,Datalogger,,,,,,
DLG-R2_308,CheckTable,Flag(3),DLG,,Datalogger,,,,,,
DLG-R2_308,CheckTable,Flag(4),DLG,,Datalogger,,,,,,
DLG-R2_308,CheckTable,Flag(5),DLG,,Datalogger,,,,,,
DLG-R2_308,CheckTable,Flag(6),DLG,,Datalogger,,,,,,
DLG-R2_308,CheckTable,Flag(7),DLG,,Datalogger,,,,,,
DLG-R2_308,CheckTable,Flag(8),DLG,,Datalogger,,,,,,
DLG-R2_308,CheckTable,Flag(9),DLG,,Datalogger,,,,,,
DLG-R2_308,CheckTable,Flag(10),DLG,,Datalogger,,,,,,
DLG-R2_308,CheckTable,Statname,DLG,,Datalogger,,,,,,
DLG-R2_308,CheckTable,PB,DLG,,Datalogger,,,,,,
,,,DLG,,,,,,,,
DLG-R2_308,Redox15,Format,DLG,,Redox,,,,,,
DLG-R2_308,Redox15,RECORD,DLG,,Redox,,,,,,
DLG-R2_308,Redox15,Statname,DLG,,Redox,,,,,,
DLG-R2_308,Redox15,BattV,DLG,,Redox,,,,,,
DLG-R2_308,Redox15,RedoxRa(1),DLG,,Redox,,,,,,
DLG-R2_308,Redox15,RedoxRa(2),DLG,,Redox,,,,,,
DLG-R2_308,Redox15,RedoxRa(3),DLG,,Redox,,,,,,
DLG-R2_308,Redox15,RedoxRa(4),DLG,,Redox,,,,,,
DLG-R2_308,Redox15,RedoxRa(5),DLG,,Redox,,,,,,
DLG-R2_308,Redox15,RedoxRa(6),DLG,,Redox,,,,,,
DLG-R2_308,Redox15,RedoxRa(7),DLG,,Redox,,,,,,
DLG-R2_308,Redox15,RedoxRa(8),DLG,,Redox,,,,,,
DLG-R2_308,Redox15,RedoxRa(9),DLG,,Redox,,,,,,
DLG-R2_308,Redox15,RedoxRa(10),DLG,,Redox,,,,,,
DLG-R2_308,Redox15,RedoxRa(11),DLG,,Redox,,,,,,
DLG-R2_308,Redox15,RedoxRa(12),DLG,,Redox,,,,,,
DLG-R2_308,Redox15,RedoxRa(13),DLG,,Redox,,,,,,
DLG-R2_308,Redox15,RedoxRa(14),DLG,,Redox,,,,,,
DLG-R2_308,Redox15,RedoxRa(15),DLG,,Redox,,,,,,
DLG-R2_308,Redox15,RedoxRa(16),DLG,,Redox,,,,,,
DLG-R2_308,Redox15,RedoxRa(17),DLG,,Redox,,,,,,
DLG-R2_308,Redox15,RedoxRa(18),DLG,,Redox,,,,,,
DLG-R2_308,Redox15,RedoxRa(19),DLG,,Redox,,,,,,
DLG-R2_308,Redox15,RedoxRa(20),DLG,,Redox,,,,,,
DLG-R2_308,Redox15,RedoxRa(21),DLG,,Redox,,,,,,
DLG-R2_308,Redox15,RedoxRa(22),DLG,,Redox,,,,,,
DLG-R2_308,Redox15,RedoxRa(23),DLG,,Redox,,,,,,
DLG-R2_308,Redox15,RedoxRa(24),DLG,,Redox,,,,,,
DLG-R2_308,Redox15,RedoxRb(1),DLG,,Redox,,,,,,
DLG-R2_308,Redox15,RedoxRb(2),DLG,,Redox,,,,,,
DLG-R2_308,Redox15,RedoxRb(3),DLG,,Redox,,,,,,
DLG-R2_308,Redox15,RedoxRb(4),DLG,,Redox,,,,,,
DLG-R2_308,Redox15,RedoxRb(5),DLG,,Redox,,,,,,
DLG-R2_308,Redox15,RedoxRb(6),DLG,,Redox,,,,,,
DLG-R2_308,Redox15,RedoxRb(7),DLG,,Redox,,,,,,
DLG-R2_308,Redox15,RedoxRb(8),DLG,,Redox,,,,,,
DLG-R2_308,Redox15,RedoxRb(9),DLG,,Redox,,,,,,
DLG-R2_308,Redox15,RedoxRb(10),DLG,,Redox,,,,,,
DLG-R2_308,Redox15,RedoxRb(11),DLG,,Redox,,,,,,
DLG-R2_308,Redox15,RedoxRb(12),DLG,,Redox,,,,,,
DLG-R2_308,Redox15,RedoxRb(13),DLG,,Redox,,,,,,
DLG-R2_308,Redox15,RedoxRb(14),DLG,,Redox,,,,,,
DLG-R2_308,Redox15,RedoxRb(15),DLG,,Redox,,,,,,
DLG-R2_308,Redox15,RedoxRb(16),DLG,,Redox,,,,,,
DLG-R2_308,Redox15,RedoxRb(17),DLG,,Redox,,,,,,
DLG-R2_308,Redox15,RedoxRb(18),DLG,,Redox,,,,,,
DLG-R2_308,Redox15,RedoxRb(19),DLG,,Redox,,,,,,
DLG-R2_308,Redox15,RedoxRb(20),DLG,,Redox,,,,,,
DLG-R2_308,Redox15,RedoxRb(21),DLG,,Redox,,,,,,
DLG-R2_308,Redox15,RedoxRb(22),DLG,,Redox,,,,,,
DLG-R2_308,Redox15,RedoxRb(23),DLG,,Redox,,,,,,
DLG-R2_308,Redox15,RedoxRb(24),DLG,,Redox,,,,,,
,,,,,,,,,,,
DLG-R2_308,Redox5,Format,DLG,,Redox,,,,,,
DLG-R2_308,Redox5,RECORD,DLG,,Redox,,,,,,
DLG-R2_308,Redox5,Statname,DLG,,Redox,,,,,,
DLG-R2_308,Redox5,BattV,DLG,,Redox,,,,,,
DLG-R2_308,Redox5,RedoxRa(1),DLG,,Redox,,,,,,
DLG-R2_308,Redox5,RedoxRa(2),DLG,,Redox,,,,,,
DLG-R2_308,Redox5,RedoxRa(3),DLG,,Redox,,,,,,
DLG-R2_308,Redox5,RedoxRa(4),DLG,,Redox,,,,,,
DLG-R2_308,Redox5,RedoxRa(5),DLG,,Redox,,,,,,
DLG-R2_308,Redox5,RedoxRa(6),DLG,,Redox,,,,,,
DLG-R2_308,Redox5,RedoxRa(7),DLG,,Redox,,,,,,
DLG-R2_308,Redox5,RedoxRa(8),DLG,,Redox,,,,,,
DLG-R2_308,Redox5,RedoxRa(9),DLG,,Redox,,,,,,
DLG-R2_308,Redox5,RedoxRa(10),DLG,,Redox,,,,,,
DLG-R2_308,Redox5,RedoxRa(11),DLG,,Redox,,,,,,
DLG-R2_308,Redox5,RedoxRa(12),DLG,,Redox,,,,,,
DLG-R2_308,Redox5,RedoxRa(13),DLG,,Redox,,,,,,
DLG-R2_308,Redox5,RedoxRa(14),DLG,,Redox,,,,,,
DLG-R2_308,Redox5,RedoxRa(15),DLG,,Redox,,,,,,
DLG-R2_308,Redox5,RedoxRa(16),DLG,,Redox,,,,,,
DLG-R2_308,Redox5,RedoxRa(17),DLG,,Redox,,,,,,
DLG-R2_308,Redox5,RedoxRa(18),DLG,,Redox,,,,,,
DLG-R2_308,Redox5,RedoxRa(19),DLG,,Redox,,,,,,
DLG-R2_308,Redox5,RedoxRa(20),DLG,,Redox,,,,,,
DLG-R2_308,Redox5,RedoxRa(21),DLG,,Redox,,,,,,
DLG-R2_308,Redox5,RedoxRa(22),DLG,,Redox,,,,,,
DLG-R2_308,Redox5,RedoxRa(23),DLG,,Redox,,,,,,
DLG-R2_308,Redox5,RedoxRa(24),DLG,,Redox,,,,,,
DLG-R2_308,Redox5,RedoxRb(1),DLG,,Redox,,,,,,
DLG-R2_308,Redox5,RedoxRb(2),DLG,,Redox,,,,,,
DLG-R2_308,Redox5,RedoxRb(3),DLG,,Redox,,,,,,
DLG-R2_308,Redox5,RedoxRb(4),DLG,,Redox,,,,,,
DLG-R2_308,Redox5,RedoxRb(5),DLG,,Redox,,,,,,
DLG-R2_308,Redox5,RedoxRb(6),DLG,,Redox,,,,,,
DLG-R2_308,Redox5,RedoxRb(7),DLG,,Redox,,,,,,
DLG-R2_308,Redox5,RedoxRb(8),DLG,,Redox,,,,,,
DLG-R2_308,Redox5,RedoxRb(9),DLG,,Redox,,,,,,
DLG-R2_308,Redox5,RedoxRb(10),DLG,,Redox,,,,,,
DLG-R2_308,Redox5,RedoxRb(11),DLG,,Redox,,,,,,
DLG-R2_308,Redox5,RedoxRb(12),DLG,,Redox,,,,,,
DLG-R2_308,Redox5,RedoxRb(13),DLG,,Redox,,,,,,
DLG-R2_308,Redox5,RedoxRb(14),DLG,,Redox,,,,,,
DLG-R2_308,Redox5,RedoxRb(15),DLG,,Redox,,,,,,
DLG-R2_308,Redox5,RedoxRb(16),DLG,,Redox,,,,,,
DLG-R2_308,Redox5,RedoxRb(17),DLG,,Redox,,,,,,
DLG-R2_308,Redox5,RedoxRb(18),DLG,,Redox,,,,,,
DLG-R2_308,Redox5,RedoxRb(19),DLG,,Redox,,,,,,
DLG-R2_308,Redox5,RedoxRb(20),DLG,,Redox,,,,,,
DLG-R2_308,Redox5,RedoxRb(21),DLG,,Redox,,,,,,
DLG-R2_308,Redox5,RedoxRb(22),DLG,,Redox,,,,,,
DLG-R2_308,Redox5,RedoxRb(23),DLG,,Redox,,,,,,
DLG-R2_308,Redox5,RedoxRb(24),DLG,,Redox,,,,,,
,,,,,,,,,,,
DLG-R2_308,SapflowA,Format,DLG,,Sapflow,,,,,,
DLG-R2_308,SapflowA,RECORD,DLG,,Sapflow,,,,,,
DLG-R2_308,SapflowA,PB,DLG,,Sapflow,,,,,,
DLG-R2_308,SapflowA,Statname,DLG,,Sapflow,,,,,,
DLG-R2_308,SapflowA,BattV_Avg,DLG,,Sapflow,,,,,,
DLG-R2_308,SapflowA,DiffVoltA_Avg(1),DLG,,Sapflow,,,,,sapflow-3.5cm,
DLG-R2_308,SapflowA,DiffVoltA_Avg(2),DLG,,Sapflow,,,,,sapflow-3.5cm,
DLG-R2_308,SapflowA,DiffVoltA_Avg(3),DLG,,Sapflow,,,,,sapflow-3.5cm,
DLG-R2_308,SapflowA,DiffVoltA_Avg(4),DLG,,Sapflow,,,,,sapflow-3.5cm,
DLG-R2_308,SapflowA,DiffVoltA_Avg(5),DLG,,Sapflow,,,,,sapflow-3.5cm,
DLG-R2_308,SapflowA,DiffVoltA_Avg(6),DLG,,Sapflow,,,,,sapflow-3.5cm,
DLG-R2_308,SapflowA,DiffVoltA_Avg(7),DLG,,Sapflow,,,,,sapflow-3.5cm,
DLG-R2_308,SapflowA,DiffVoltA_Avg(8),DLG,,Sapflow,,,,,sapflow-3.5cm,
DLG-R2_308,SapflowA,DiffVoltA_Avg(9),DLG,,Sapflow,,,,,sapflow-3.5cm,
DLG-R2_308,SapflowA,DiffVoltA_Avg(10),DLG,,Sapflow,,,,,sapflow-3.5cm,
DLG-R2_308,SapflowA,DiffVoltA_Avg(11),DLG,,Sapflow,,,,,sapflow-3.5cm,
DLG-R2_308,SapflowA,DiffVoltA_Avg(12),DLG,,Sapflow,,,,,sapflow-3.5cm,
,,,,,,,,,,,
DLG-R2_308,Teros12Table,Format,DLG,,TEROS12,,,,,,
DLG-R2_308,Teros12Table,RECORD,DLG,,TEROS12,,,,,,
DLG-R2_308,Teros12Table,PB,DLG,,TEROS12,,,,,,
DLG-R2_308,Teros12Table,Statname,DLG,,TEROS12,,,,,,
DLG-R2_308,Teros12Table,BattV_Avg,DLG,,TEROS12,,,,,,
DLG-R2_308,Teros12Table,"Teros12(1,1)",DLG,,TEROS12,1,168582,A1,,soil-vwc-10cm,
DLG-R2_308,Teros12Table,"Teros12(1,2)",DLG,,TEROS12,1,168582,A1,,soil-ec-10cm,
DLG-R2_308,Teros12Table,"Teros12(1,3)",DLG,,TEROS12,1,168582,A1,,soil-temp-10cm,
DLG-R2_308,Teros12Table,"Teros12(2,1)",DLG,,TEROS12,1,168610,A1,,soil-vwc-30cm,
DLG-R2_308,Teros12Table,"Teros12(2,2)",DLG,,TEROS12,1,168610,A1,,soil-ec-30cm,
DLG-R2_308,Teros12Table,"Teros12(2,3)",DLG,,TEROS12,1,168610,A1,,soil-temp-30cm,
DLG-R2_308,Teros12Table,"Teros12(3,1)",DLG,,TEROS12,1,168561,A1,,soil-vwc-40cm,
DLG-R2_308,Teros12Table,"Teros12(3,2)",DLG,,TEROS12,1,168561,A1,,soil-ec-40cm,
DLG-R2_308,Teros12Table,"Teros12(3,3)",DLG,,TEROS12,1,168561,A1,,soil-temp-40cm,
DLG-R2_308,Teros12Table,"Teros12(4,1)",DLG,,TEROS12,2,168621,A4,,soil-vwc-10cm,
DLG-R2_308,Teros12Table,"Teros12(4,2)",DLG,,TEROS12,2,168621,A4,,soil-ec-10cm,
DLG-R2_308,Teros12Table,"Teros12(4,3)",DLG,,TEROS12,2,168621,A4,,soil-temp-10cm,
DLG-R2_308,Teros12Table,"Teros12(5,1)",DLG,,TEROS12,2,168548,A4,,soil-vwc-30cm,
DLG-R2_308,Teros12Table,"Teros12(5,2)",DLG,,TEROS12,2,168548,A4,,soil-ec-30cm,
DLG-R2_308,Teros12Table,"Teros12(5,3)",DLG,,TEROS12,2,168548,A4,,soil-temp-30cm,
DLG-R2_308,Teros12Table,"Teros12(6,1)",DLG,,TEROS12,2,168536,A4,,soil-vwc-40cm,
DLG-R2_308,Teros12Table,"Teros12(6,2)",DLG,,TEROS12,2,168536,A4,,soil-ec-40cm,
DLG-R2_308,Teros12Table,"Teros12(6,3)",DLG,,TEROS12,2,168536,A4,,soil-temp-40cm,
DLG-R2_308,Teros12Table,"Teros12(7,1)",DLG,,TEROS12,3,168525,B3,,soil-vwc-10cm,
DLG-R2_308,Teros12Table,"Teros12(7,2)",DLG,,TEROS12,3,168525,B3,,soil-ec-10cm,
DLG-R2_308,Teros12Table,"Teros12(7,3)",DLG,,TEROS12,3,168525,B3,,soil-temp-10cm,
DLG-R2_308,Teros12Table,"Teros12(8,1)",DLG,,TEROS12,3,168566,B3,,soil-vwc-30cm,
DLG-R2_308,Teros12Table,"Teros12(8,2)",DLG,,TEROS12,3,168566,B3,,soil-ec-30cm,
DLG-R2_308,Teros12Table,"Teros12(8,3)",DLG,,TEROS12,3,168566,B3,,soil-temp-30cm,
DLG-R2_308,Teros12Table,"Teros12(9,1)",DLG,,TEROS12,3,168595,B3,,soil-vwc-40cm,
DLG-R2_308,Teros12Table,"Teros12(9,2)",DLG,,TEROS12,3,168595,B3,,soil-ec-40cm,
DLG-R2_308,Teros12Table,"Teros12(9,3)",DLG,,TEROS12,3,168595,B3,,soil-temp-40cm,
DLG-R2_308,Teros12Table,"Teros12(10,1)",DLG,,TEROS12,4,168399,C2,,soil-vwc-10cm,
DLG-R2_308,Teros12Table,"Teros12(10,2)",DLG,,TEROS12,4,168399,C2,,soil-ec-10cm,
DLG-R2_308,Teros12Table,"Teros12(10,3)",DLG,,TEROS12,4,168399,C2,,soil-temp-10cm,
DLG-R2_308,Teros12Table,"Teros12(11,1)",DLG,,TEROS12,4,168481,C2,,soil-vwc-30cm,
DLG-R2_308,Teros12Table,"Teros12(11,2)",DLG,,TEROS12,4,168481,C2,,soil-ec-30cm,
DLG-R2_308,Teros12Table,"Teros12(11,3)",DLG,,TEROS12,4,168481,C2,,soil-temp-30cm,
DLG-R2_308,Teros12Table,"Teros12(12,1)",DLG,,TEROS12,4,168458,C2,,soil-vwc-40cm,
DLG-R2_308,Teros12Table,"Teros12(12,2)",DLG,,TEROS12,4,168458,C2,,soil-ec-40cm,
DLG-R2_308,Teros12Table,"Teros12(12,3)",DLG,,TEROS12,4,168458,C2,,soil-temp-40cm,
DLG-R2_308,Teros12Table,"Teros12(13,1)",DLG,,TEROS12,5,168471,D1,,soil-vwc-10cm,
DLG-R2_308,Teros12Table,"Teros12(13,2)",DLG,,TEROS12,5,168471,D1,,soil-ec-10cm,
DLG-R2_308,Teros12Table,"Teros12(13,3)",DLG,,TEROS12,5,168471,D1,,soil-temp-10cm,
DLG-R2_308,Teros12Table,"Teros12(14,1)",DLG,,TEROS12,5,168455,D1,,soil-vwc-30cm,
DLG-R2_308,Teros12Table,"Teros12(14,2)",DLG,,TEROS12,5,168455,D1,,soil-ec-30cm,
DLG-R2_308,Teros12Table,"Teros12(14,3)",DLG,,TEROS12,5,168455,D1,,soil-temp-30cm,
DLG-R2_308,Teros12Table,"Teros12(15,1)",DLG,,TEROS12,5,168635,D1,,soil-vwc-40cm,
DLG-R2_308,Teros12Table,"Teros12(15,2)",DLG,,TEROS12,5,168635,D1,,soil-ec-40cm,
DLG-R2_308,Teros12Table,"Teros12(15,3)",DLG,,TEROS12,5,168635,D1,,soil-temp-40cm,
DLG-R2_308,Teros12Table,"Teros12(16,1)",DLG,,TEROS12,6,168631,D4,,soil-vwc-10cm,
DLG-R2_308,Teros12Table,"Teros12(16,2)",DLG,,TEROS12,6,168631,D4,,soil-ec-10cm,
DLG-R2_308,Teros12Table,"Teros12(16,3)",DLG,,TEROS12,6,168631,D4,,soil-temp-10cm,
DLG-R2_308,Teros12Table,"Teros12(17,1)",DLG,,TEROS12,6,168647,D4,,soil-vwc-30cm,
DLG-R2_308,Teros12Table,"Teros12(17,2)",DLG,,TEROS12,6,168647,D4,,soil-ec-30cm,
DLG-R2_308,Teros12Table,"Teros12(17,3)",DLG,,TEROS12,6,168647,D4,,soil-temp-30cm,
DLG-R2_308,Teros12Table,"Teros12(18,1)",DLG,,TEROS12,6,168639,D4,,soil-vwc-40cm,
DLG-R2_308,Teros12Table,"Teros12(18,2)",DLG,,TEROS12,6,168639,D4,,soil-ec-40cm,
DLG-R2_308,Teros12Table,"Teros12(18,3)",DLG,,TEROS12,6,168639,D4,,soil-temp-40cm,
,,,,,,,,,,,
DLG-R2_308,Teros21Table,Format,DLG,,TEROS21,,,,,,
DLG-R2_308,Teros21Table,RECORD,DLG,,TEROS21,,,,,,
DLG-R2_308,Teros21Table,PB,DLG,,TEROS21,,,,,,
DLG-R2_308,Teros21Table,Statname,DLG,,TEROS21,,,,,,
DLG-R2_308,Teros21Table,BattV_Avg,DLG,,TEROS21,,,,,,
DLG-R2_308,Teros21Table,"Teros21(1,1)",DLG,,TEROS21,1,,A1,,soil-vwc-Xcm,
DLG-R2_308,Teros21Table,"Teros21(1,2)",DLG,,TEROS21,1,,A1,,soil-vwc-Xcmcm,
DLG-R2_308,Teros21Table,"Teros21(2,1)",DLG,,TEROS21,1,,A1,,soil-temp-Xcm,
DLG-R2_308,Teros21Table,"Teros21(2,2)",DLG,,TEROS21,1,,A1,,,
DLG-R2_308,Teros21Table,"Teros21(3,1)",DLG,,TEROS21,1,,A1,,,
DLG-R2_308,Teros21Table,"Teros21(3,2)",DLG,,TEROS21,1,,A1,,,
DLG-R2_308,Teros21Table,"Teros21(4,1)",DLG,,TEROS21,2,,A4,,,
DLG-R2_308,Teros21Table,"Teros21(4,2)",DLG,,TEROS21,2,,A4,,,
DLG-R2_308,Teros21Table,"Teros21(5,1)",DLG,,TEROS21,2,,A4,,,
DLG-R2_308,Teros21Table,"Teros21(5,2)",DLG,,TEROS21,2,,A4,,,
DLG-R2_308,Teros21Table,"Teros21(6,1)",DLG,,TEROS21,2,,A4,,,
DLG-R2_308,Teros21Table,"Teros21(6,2)",DLG,,TEROS21,2,,A4,,,
DLG-R2_308,Teros21Table,"Teros21(7,1)",DLG,,TEROS21,3,,B3,,,
DLG-R2_308,Teros21Table,"Teros21(7,2)",DLG,,TEROS21,3,,B3,,,
DLG-R2_308,Teros21Table,"Teros21(8,1)",DLG,,TEROS21,3,,B3,,,
DLG-R2_308,Teros21Table,"Teros21(8,2)",DLG,,TEROS21,3,,B3,,,
DLG-R2_308,Teros21Table,"Teros21(9,1)",DLG,,TEROS21,3,,B3,,,
DLG-R2_308,Teros21Table,"Teros21(9,2)",DLG,,TEROS21,3,,B3,,,
DLG-R2_308,Teros21Table,"Teros21(10,1)",DLG,,TEROS21,4,34342,C2,,,
DLG-R2_308,Teros21Table,"Teros21(10,2)",DLG,,TEROS21,4,34342,C2,,,
DLG-R2_308,Teros21Table,"Teros21(11,1)",DLG,,TEROS21,4,34415,C2,,,
DLG-R2_308,Teros21Table,"Teros21(11,2)",DLG,,TEROS21,4,34415,C2,,,
DLG-R2_308,Teros21Table,"Teros21(12,1)",DLG,,TEROS21,4,34271,C2,,,
DLG-R2_308,Teros21Table,"Teros21(12,2)",DLG,,TEROS21,4,34271,C2,,,
DLG-R2_308,Teros21Table,"Teros21(13,1)",DLG,,TEROS21,5,,D1,,,
DLG-R2_308,Teros21Table,"Teros21(13,2)",DLG,,TEROS21,5,,D1,,,
DLG-R2_308,Teros21Table,"Teros21(14,1)",DLG,,TEROS21,5,,D1,,,
DLG-R2_308,Teros21Table,"Teros21(14,2)",DLG,,TEROS21,5,,D1,,,
DLG-R2_308,Teros21Table,"Teros21(15,1)",DLG,,TEROS21,5,,D1,,,
DLG-R2_308,Teros21Table,"Teros21(15,2)",DLG,,TEROS21,5,,D1,,,
DLG-R2_308,Teros21Table,"Teros21(16,1)",DLG,,TEROS21,6,,D4,,,
DLG-R2_308,Teros21Table,"Teros21(16,2)",DLG,,TEROS21,6,,D4,,,
DLG-R2_308,Teros21Table,"Teros21(17,1)",DLG,,TEROS21,6,,D4,,,
DLG-R2_308,Teros21Table,"Teros21(17,2)",DLG,,TEROS21,6,,D4,,,
DLG-R2_308,Teros21Table,"Teros21(18,1)",DLG,,TEROS21,6,,D4,,,
DLG-R2_308,Teros21Table,"Teros21(18,2)",DLG,,TEROS21,6,,D4,,,
